episode,seed,total_reward,per_step_reward,spectral_efficiency,energy_efficiency,total_rate,mean_sinr,mean_trust,initial_trust,final_trust,trust_change,mean_behavior_score,mean_queue,final_queue,mean_power,total_power,interference_ratio,mean_pqi,mean_xpi,min_pqi,max_pqi,min_xpi,max_xpi,steps,updates
1,43,730.5835897384331,3.6529179486921657,0.8455933841336223,8731629.509773122,84559338.41336222,1.0526315789472818,0.6494844088335462,0.838839573702737,0.5507709062162295,-0.2880686674865075,0.5051462463880355,0.44510293433928233,0.512419420403038,0.48709091202364646,9.841818240472929,0.9499999999999998,0.8906696299117455,0.10933037008825418,0.0,0.0,0.0,0.0,200,0
2,44,736.6032594420448,3.683016297210224,0.854281501617946,8805054.016100269,85428150.16179459,1.0526315789472915,0.6484099234530233,0.8374751812445528,0.5508955773116637,-0.28657960393288906,0.504859327311101,0.500716361926774,0.6653040684871732,0.4898075743708614,9.896151487417226,0.9499999999999998,0.9479697632972334,0.05203023670276703,0.0,0.0,0.0,0.0,200,145
3,45,764.2127738801596,3.821063869400798,0.8867298953924377,9093535.344684785,88672989.53924377,1.052631578947314,0.6644027318889805,0.8453442608326267,0.5657837212974792,-0.2795605395351475,0.524535981656326,0.429375767362247,0.5709780717338518,0.49160968971476543,9.932193794295307,0.9499999999999998,0.9392001374984454,0.06079986250155479,0.0,0.0,0.0,0.0,200,200
4,46,726.5174650532081,3.6325873252660403,0.8407634336216026,8705758.19157374,84076343.36216025,1.0526315789473173,0.6542552323637193,0.854434338641781,0.5469484187047164,-0.30748591993706453,0.5001800025675834,0.51654913524488,0.6804838283262977,0.48687508464940765,9.83750169298815,0.9499999999999998,0.8601802495650618,0.1398197504349381,0.0,0.0,0.0,0.0,200,200
5,47,753.4100003420921,3.7670500017104604,0.8674304777413907,9079661.816154482,86743047.77413906,1.0526315789472773,0.656302393326784,0.849229881942769,0.5511504176145218,-0.2980794643282473,0.5070668650146198,0.5285276894746648,0.7248992631808402,0.47995380721553377,9.699076144310673,0.9499999999999998,0.9270147750088618,0.07298522499113856,0.0,0.0,0.0,0.0,200,200
6,48,740.6006960955577,3.7030034804777885,0.8478486008118837,8970440.366997236,84784860.08118835,1.052631578947286,0.6514922391640177,0.8383525224843054,0.553711068286926,-0.2846414541973794,0.5088391419421738,0.4943111822814182,0.6008266299663154,0.47406346085681433,9.581269217136285,0.9499999999999998,0.9328941910467796,0.06710580895322027,0.0,0.0,0.0,0.0,200,200
7,49,781.3607742539514,3.906803871269757,0.8899359295562564,9500743.737897124,88993592.95562565,1.0526315789472933,0.6584263055764693,0.8466000374099796,0.5583755073906592,-0.28822453001932036,0.5140087574415051,0.4672259382223741,0.6229529013760129,0.47043238869673226,9.508647773934642,0.9499999999999998,0.8401335268035582,0.15986647319644187,0.0,0.0,0.0,0.0,200,200
8,50,729.658351558075,3.648291757790375,0.835239919723005,8850773.306775052,83523991.9723005,1.052631578947274,0.6508723705499878,0.8424970211657131,0.5495012288059886,-0.2929957923597245,0.5041179526501568,0.5274110249475475,0.6633701554241883,0.47388566639368224,9.577713327873642,0.9499999999999998,0.8734906015908094,0.12650939840919076,0.0,0.0,0.0,0.0,200,200
9,51,725.5371154557936,3.627685577278968,0.83418653154711,8773527.316586602,83418653.154711,1.0526315789473188,0.6491968063628459,0.840241387699856,0.5501176909818183,-0.2901236967180377,0.5039876772947118,0.562137332070542,0.7025490143972142,0.4774271280297326,9.648542560594649,0.9499999999999998,0.9501584000537753,0.04984159994622472,0.0,0.0,0.0,0.0,200,200
10,52,723.9404482910165,3.619702241455083,0.8284582978807278,8786941.754283171,82845829.78807278,1.0526315789472886,0.6531651159027859,0.8508717293093214,0.5491862680779074,-0.30168546123141404,0.502167688916482,0.5396104574801744,0.7265427823672994,0.4755597447158143,9.611194894316284,0.9499999999999998,0.9413859425013057,0.05861405749869463,0.0,0.0,0.0,0.0,200,200
11,53,736.3643775332231,3.6818218876661155,0.8415116934574987,8937166.105678074,84151169.34574987,1.052631578947286,0.6546459572897336,0.8471183356923051,0.5536257838885634,-0.2934925518037417,0.5075750933351599,0.504455909386936,0.6557211154767701,0.4749689085669088,9.599378171338174,0.9499999999999998,0.9086350825539193,0.09136491744608052,0.0,0.0,0.0,0.0,200,200
12,54,768.7215196226282,3.843607598113141,0.9255618047228075,8810724.06783306,92556180.47228073,1.0526315789472762,0.6607387860183462,0.8444266665564774,0.568845310393644,-0.2755813561628333,0.5224003206962146,0.5245769482090975,0.6637589839513918,0.5267323928115366,10.634647856230728,0.9499999999999998,0.9221089395963361,0.077891060403664,0.0,0.0,0.0,0.0,200,200
13,55,721.9782013104062,3.609891006552031,0.8402412469338932,8610902.156963138,84024124.69338931,1.0526315789473086,0.6660510298455768,0.8728607132993659,0.5526869140704008,-0.32017379922896505,0.5055686024266932,0.5780021673596074,0.6900764105775066,0.48725432471603924,9.845086494320784,0.9499999999999998,0.9337272550147161,0.06627274498528422,0.0,0.0,0.0,0.0,200,200
14,56,714.6328043542936,3.573164021771468,0.8372609110525818,8457966.325632794,83726091.10525817,1.0526315789472998,0.6508155302120877,0.8376712449894395,0.5478858606483492,-0.28978538434109025,0.505865189078889,0.5322499755863093,0.6851517297846965,0.49949033260595754,10.089806652119147,0.9499999999999998,0.9134726740888383,0.08652732591116209,0.0,0.0,0.0,0.0,200,200
15,57,805.2606796528115,4.026303398264058,0.9063166862741793,9939550.525950367,90631668.62741792,1.0526315789472798,0.6617084090220081,0.8378712123654548,0.5671494408466666,-0.2707217715187882,0.5260963147321687,0.5522062569505168,0.680802489794897,0.459469749875323,9.289394997506458,0.9499999999999998,0.9388503661710191,0.06114963382898082,0.0,0.0,0.0,0.0,200,200
16,58,830.3386207152387,4.151693103576194,0.8950237176132273,10657093.82554648,89502371.76132275,1.0526315789472929,0.6617151216507103,0.8433236908691608,0.5594186123358349,-0.2839050785333259,0.5196642080365244,0.463683916565499,0.6940350773929532,0.42283114931868115,8.55662298637362,0.9499999999999998,0.8743818561567421,0.12561814384325778,0.0,0.0,0.0,0.0,200,200
17,59,669.7974004279506,3.348987002139753,0.7612055324122697,8227231.834268238,76120553.24122697,1.052631578947289,0.6453612841283313,0.8424825209190681,0.5368988361431466,-0.30558368477592146,0.49235661044384793,0.6339063698035475,0.8015719534078904,0.46493363996884723,9.398672799376943,0.9499999999999998,0.9185417190320746,0.08145828096792532,0.0,0.0,0.0,0.0,200,200
18,60,604.5597409041304,3.022798704520652,0.7125971555450167,7145911.547437036,71259715.55450165,1.0526315789472833,0.6544076109195203,0.8600524697997816,0.5504747098125229,-0.30957775998725867,0.4993981591538797,0.6461654932275414,0.7396539005641211,0.5000062283746665,10.100124567493328,0.95,0.826961649383882,0.17303835061611822,0.0,0.0,0.0,0.0,200,200
19,61,721.6124143856758,3.608062071928379,0.8396814411001537,8602852.506918456,83968144.11001538,1.052631578947313,0.6635063838916707,0.8448864350524646,0.5598583679608886,-0.285028067091576,0.5208040597649402,0.556803740464671,0.7268462155290336,0.48990746400466745,9.898149280093346,0.9499999999999998,0.8890182393801769,0.11098176061982301,0.0,0.0,0.0,0.0,200,200
20,62,817.1098233004012,4.085549116502006,0.804600643967946,11392172.610074483,80460064.39679459,1.0526315789472809,0.6579025478325451,0.8588899933605798,0.5474554089398478,-0.311434584420732,0.5022005669729072,0.6213391601721948,0.8396591285461705,0.359040689181813,7.280813783636257,0.9499999999999998,0.9237743159544074,0.07622568404559259,0.0,0.0,0.0,0.0,200,200
21,63,755.4195256305453,3.7770976281527266,0.8398322291633664,9453485.374169184,83983222.91633664,1.0526315789472758,0.6652236507668693,0.8500031771956337,0.5629213446830597,-0.287081832512574,0.5214080220216236,0.5941453138641166,0.7281438654642952,0.4590023210454601,9.2800464209092,0.9499999999999998,0.9342086446843948,0.06579135531560508,0.0,0.0,0.0,0.0,200,200
22,64,691.9731241539798,3.4598656207698992,0.882512519438364,7416502.278684769,88251251.9438364,1.0526315789473117,0.6643925865678983,0.8399407036892665,0.5597721840445989,-0.2801685196446676,0.5240455388817296,0.6179733623860464,0.7787148506589631,0.5948997208966902,11.997994417933802,0.9499999999999998,0.90194366974035,0.09805633025964991,0.0,0.0,0.0,0.0,200,200
23,65,834.7475039008926,4.1737375195044635,0.8504486880469783,11308016.290971257,85044868.80469783,1.052631578947271,0.6651208188703331,0.8397611247822623,0.5691127382715211,-0.2706483865107412,0.5291151233354633,0.5995574590255461,0.7698732939496756,0.38456693346038806,7.79133866920776,0.9499999999999998,0.9415298619172477,0.058470138082752136,0.0,0.0,0.0,0.0,200,200
24,66,766.3852638853384,3.831926319426692,0.8898776508234657,9148894.03829668,88987765.08234657,1.0526315789473148,0.6792276571636592,0.8554812016000397,0.5820942661627875,-0.27338693543725223,0.5421470082837868,0.562887216369605,0.7170667634416726,0.49735935707399037,10.047187141479805,0.9499999999999998,0.9344510825042923,0.06554891749570803,0.0,0.0,0.0,0.0,200,200
25,67,874.022993852474,4.37011496926237,0.9801380174228261,10846487.826933974,98013801.74228261,1.0526315789472989,0.6672699473476456,0.8514256383930281,0.5626491842064135,-0.2887764541866146,0.5223264364074903,0.6148412662892614,0.7655958877410136,0.46327770669582974,9.365554133916591,0.9499999999999998,0.8977851305535421,0.10221486944645786,0.0,0.0,0.0,0.0,200,200
26,68,1047.24153368907,5.236207668445349,1.0651030370012335,14255003.234960945,106510303.70012337,1.0526315789472909,0.6447393292928874,0.8435981337572676,0.5461397693409927,-0.2974583644162748,0.49561981224646023,0.7009899927064847,0.7458250805125364,0.3755261976434267,7.610523952868533,0.9499999999999998,0.9045154141659667,0.09548458583403355,0.0,0.0,0.0,0.0,200,200
27,69,794.7867349866829,3.973933674933414,0.975381690254787,8950400.941851385,97538169.0254787,1.0526315789473002,0.6540721173427237,0.8346139176500383,0.5623054315942185,-0.2723084860558198,0.5175066893134141,0.6434451946499428,0.7486591066195815,0.5395675203083082,10.891350406166163,0.95,0.8707345443731421,0.12926545562685815,0.0,0.0,0.0,0.0,200,200
28,70,560.8775707133491,2.8043878535667455,0.620465098219166,7108628.392935028,62046509.82191662,1.0526315789473073,0.6492015644998955,0.8487827267972226,0.5321306849049873,-0.3166520418922353,0.4904083641016901,0.7120996405443818,0.901060099420798,0.44190528927138073,8.938105785427613,0.9499999999999998,0.9073879445849028,0.09261205541509686,0.0,0.0,0.0,0.0,200,200
29,71,729.203857663333,3.646019288316665,0.8531792505011566,8662586.277869364,85317925.05011567,1.0526315789473033,0.6672551658844378,0.8548222028355882,0.5702713617247263,-0.28455084111086193,0.5246063092720814,0.6275007896549051,0.6880828643074632,0.4890136912492271,9.88027382498454,0.9499999999999998,0.9259517513577415,0.07404824864225855,0.0,0.0,0.0,0.0,200,200
30,72,644.4685211015673,3.222342605507836,0.7762254415817312,7445720.037027261,77622544.15817313,1.052631578947312,0.653632284902692,0.8420137323172702,0.5567745232305524,-0.28523920908671774,0.51043656487942,0.6863549645976539,0.7907564949457855,0.5221332842880801,10.542665685761602,0.9499999999999998,0.9099968268612977,0.09000317313870189,0.0,0.0,0.0,0.0,200,200
31,73,611.371079678561,3.056855398392805,0.7788654574288799,6540417.185188477,77886545.74288799,1.0526315789473122,0.6825130679096723,0.8497211833373111,0.573502700681442,-0.276218482655869,0.5439465316785848,0.580484643970129,0.8339694049798755,0.5926128923399665,11.952257846799325,0.9499999999999998,0.9199248051485239,0.080075194851476,0.0,0.0,0.0,0.0,200,200
32,74,677.5409920559875,3.3877049602799376,0.7726848937648892,8315265.08095464,77268489.37648892,1.0526315789472944,0.6481689758996342,0.8494623925657724,0.5467232148920793,-0.30273917767369307,0.49632086483694576,0.7041730575573452,0.7780689937228453,0.472297243585148,9.545944871702957,0.95,0.9032177171291914,0.09678228287080827,0.0,0.0,0.0,0.0,200,200
33,75,823.8923196485749,4.119461598242875,0.7863324764691453,11749315.32593631,78633247.64691453,1.052631578947232,0.6661248358138185,0.8517460089598019,0.5664998233120514,-0.2852461856477505,0.5228938504442912,0.595706460920533,0.7329109615275976,0.34080447815341175,6.916089563068234,0.9499999999999998,0.8371381496413483,0.1628618503586515,0.0,0.0,0.0,0.0,200,200
34,76,650.9456441830117,3.2547282209150588,0.7751631106051959,7568661.404142664,77516311.0605196,1.0526315789473366,0.6645505557418382,0.8440441935459692,0.5608459159294938,-0.2831982776164753,0.5224016536678167,0.5658785538954326,0.7419070202526612,0.5182852871397445,10.465705742794885,0.9499999999999998,0.9198128381334952,0.08018716186650499,0.0,0.0,0.0,0.0,200,200
35,77,818.6698907125494,4.093349453562747,0.8727403724451541,10676128.761089161,87274037.24451542,1.0526315789472949,0.6601337706226752,0.8475007892341327,0.555265747670429,-0.2922350415637037,0.5137172428718603,0.6349339053113031,0.6597340419038196,0.41563111319046586,8.412622263809316,0.9499999999999998,0.9205837388090891,0.07941626119091116,0.0,0.0,0.0,0.0,200,200
36,78,752.4461798889035,3.7622308994445177,0.8409430431491549,9372679.821339266,84094304.31491548,1.0526315789472684,0.6577717319706298,0.8495156328589708,0.5490489032546576,-0.3004667296043132,0.5071410191701918,0.6002920615899822,0.8302442777232819,0.44733583860265214,9.046716772053038,0.9499999999999998,0.9058161727021757,0.09418382729782394,0.0,0.0,0.0,0.0,200,200
37,79,663.1993527098754,3.315996763549377,0.7453978863757352,8263767.178654175,74539788.63757351,1.0526315789473135,0.6381813294896045,0.8431491099307818,0.5451360803646488,-0.29801302956613307,0.48853061443447887,0.6908114927488748,0.7048233472490157,0.4540383039814151,9.180766079628299,0.9499999999999998,0.9342330175828141,0.06576698241718615,0.0,0.0,0.0,0.0,200,200
38,80,658.7838387079966,3.293919193539983,0.816786793765537,7339276.199347712,81678679.37655371,1.0526315789472844,0.6537113909786341,0.8338777245708615,0.5685821927440813,-0.26529553182678023,0.520487926800188,0.6504453968029377,0.7217169296228306,0.5532431338957067,11.164862677914131,0.9499999999999998,0.8599968263956879,0.1400031736043122,0.0,0.0,0.0,0.0,200,200
39,81,778.4533336413195,3.892266668206598,0.8091180188879175,10354649.09017716,80911801.88879175,1.0526315789472633,0.6630931202535981,0.8479424161428684,0.5554721318869931,-0.2924702842558753,0.5165379110200616,0.5601757103688543,0.7153585747889959,0.39274416913292953,7.95488338265859,0.9499999999999998,0.9113362350994456,0.0886637649005544,0.0,0.0,0.0,0.0,200,200
40,82,751.0828647484092,3.755414323742046,0.8474606730581137,9272420.044540215,84746067.30581138,1.0526315789472867,0.6377093230320591,0.843239556351444,0.524575907718515,-0.31866364863292895,0.47829150196478254,0.5736964840031147,0.7240432739538212,0.4564272006417741,9.22854401283548,0.9499999999999998,0.9269946346763369,0.07300536532366309,0.0,0.0,0.0,0.0,200,200
41,83,741.3241835480014,3.706620917740007,0.9230294406491595,8170769.7838256415,92302944.06491596,1.0526315789473064,0.6595280787761248,0.8476220567946543,0.5715631436816551,-0.27605891311299924,0.5210443164735904,0.5516309587786874,0.6354803422696622,0.5674814199817775,11.449628399635547,0.9499999999999998,0.9078748282855821,0.09212517171441789,0.0,0.0,0.0,0.0,200,200
42,84,800.3602208320675,4.001801104160338,0.9841918267536285,8919424.873534406,98419182.67536286,1.052631578947304,0.6802448056623708,0.8527827115183774,0.5842253550406405,-0.2685573564777368,0.5455965464753674,0.48859751962802817,0.6146545742436317,0.5571455624996233,11.242911249992462,0.9499999999999998,0.9351971739903108,0.06480282600968901,0.0,0.0,0.0,0.0,200,200
43,85,550.9211343476811,2.7546056717384055,0.6466671327374498,6564542.191836293,64666713.27374496,1.0526315789473246,0.6429583148854406,0.8425425355536348,0.5366069613479745,-0.3059355742056603,0.4897985580752096,0.6758409303639524,0.8166840852509042,0.4927996856798272,9.955993713596543,0.9499999999999998,0.9119333690220265,0.08806663097797354,0.0,0.0,0.0,0.0,200,200
44,86,664.4967906453777,3.3224839532268886,0.7687511559686591,7985855.470388081,76875115.5968659,1.0526315789472924,0.6615888555285246,0.8415443501842488,0.5608408639968072,-0.28070348618744156,0.5211074345310028,0.5895371683753661,0.7232924822691877,0.49020226326546257,9.904045265309248,0.95,0.8906731253266679,0.10932687467333199,0.0,0.0,0.0,0.0,200,200
45,87,737.9517685222555,3.6897588426112775,0.8747978851991909,8622966.080442175,87479788.5199191,1.0526315789472875,0.6675371276897287,0.8447053031299878,0.569271788602906,-0.27543351452708187,0.5292909993574975,0.5778315822831407,0.7058532544776175,0.5057443671702786,10.21488734340557,0.9499999999999998,0.8528233563931137,0.14717664360688615,0.0,0.0,0.0,0.0,200,200
46,88,592.0786394024626,2.960393197012313,0.7138287476091572,6835317.838927938,71382874.76091573,1.0526315789473035,0.6466101108052896,0.8423369458921286,0.5438816624559232,-0.2984552834362054,0.49704403010000364,0.6608115057730264,0.7995481482109047,0.5289562420454167,10.679124840908333,0.9499999999999998,0.8913871886587578,0.10861281134124258,0.0,0.0,0.0,0.0,200,200
47,89,711.3804551151978,3.556902275575989,0.8120264014529839,8673624.975880785,81202640.14529839,1.0526315789472875,0.6550180367540481,0.8309694195562161,0.5636711939414765,-0.2672982256147396,0.5209313245430163,0.5879468269384795,0.7275892767487022,0.4781036457783412,9.662072915566823,0.9499999999999998,0.872741595042641,0.12725840495735902,0.0,0.0,0.0,0.0,200,200
48,90,667.3718427379688,3.336859213689844,0.7251877864507031,8567918.742456086,72518778.6450703,1.0526315789472525,0.6424008198315733,0.8353077150977006,0.5450011660360741,-0.29030654906162656,0.49696262997254237,0.6331028234968926,0.7320909667391825,0.42643574609750784,8.628714921950156,0.9499999999999998,0.8877327005894367,0.11226729941056338,0.0,0.0,0.0,0.0,200,200
49,91,690.2773814074752,3.451386907037376,0.719570927416855,9160855.227097783,71957092.7416855,1.052631578947229,0.6576027779232514,0.8492455687513771,0.556650609203517,-0.2925949595478601,0.5107591754186392,0.5532800540004105,0.6983262487733881,0.40270703691148085,8.154140738229614,0.9499999999999998,0.880093205111549,0.11990679488845114,0.0,0.0,0.0,0.0,200,200
50,92,683.507936182006,3.4175396809100302,0.8094878506704055,8019364.260198789,80948785.06704053,1.0526315789472662,0.6481644807366314,0.8441888304142097,0.5558051122797784,-0.2883837181344313,0.5035477528029203,0.5996001742434435,0.7531521929595939,0.5095805849543104,10.291611699086204,0.9499999999999998,0.8941184510122073,0.10588154898779287,0.0,0.0,0.0,0.0,200,200
51,93,650.3043194874483,3.2515215974372413,0.8407249642501664,6826260.355085864,84072496.42501664,1.0526315789473228,0.6644170989403151,0.8476435263566062,0.5693361034055313,-0.2783074229510749,0.5247305490700727,0.557224728002933,0.676684308771548,0.612579316617499,12.351586332349974,0.9499999999999998,0.8601406759793265,0.13985932402067358,0.0,0.0,0.0,0.0,200,200
52,94,656.049567961854,3.28024783980927,0.8074525578018688,7330467.431388026,80745255.7801869,1.0526315789472647,0.6529590028094936,0.8284848841496967,0.5653145222910932,-0.26317036185860343,0.520843717733471,0.5201775800995803,0.6627224530018822,0.5503957184696919,11.107914369393836,0.95,0.8585919062286481,0.14140809377135202,0.0,0.0,0.0,0.0,200,200
53,95,520.9718863394486,2.604859431697243,0.5684002375036148,6680380.312233028,56840023.75036148,1.052631578947316,0.6490240059351734,0.8540103000650102,0.5377271282771984,-0.31628317178781185,0.49045525276292534,0.673355546974559,0.8054846271482965,0.42252357589349415,8.55047151786988,0.9499999999999998,0.8630359345630972,0.1369640654369027,0.0,0.0,0.0,0.0,200,200
54,96,665.0795372131944,3.3253976860659717,0.8418234717110289,7192604.048235154,84182347.17110291,1.0526315789472938,0.6668570912058551,0.8512043360519226,0.5653945124818757,-0.2858098235700469,0.5234721564916405,0.6003343519471036,0.7646024684001118,0.5862086902689371,11.824173805378736,0.9499999999999998,0.8924200744454412,0.10757992555455909,0.0,0.0,0.0,0.0,200,200
55,97,662.7032971537333,3.3135164857686665,0.7987438560868975,7575491.497980918,79874385.60868976,1.0526315789473066,0.6654255525520469,0.8562320028641601,0.5698920164871448,-0.2863399863770153,0.5216419792615299,0.5018259950068154,0.6183845555239421,0.5265422440916118,10.630844881832232,0.9499999999999998,0.9066882049113107,0.09331179508868917,0.0,0.0,0.0,0.0,200,200
56,98,615.0840948961212,3.075420474480606,0.7597681396843373,6825168.677194999,75976813.96843372,1.0526315789473137,0.6681040663252866,0.8520292076478755,0.5729626747787615,-0.279066532869114,0.5280864134392099,0.49870807705686204,0.590599896100904,0.5585395943451004,11.270791886902005,0.9499999999999998,0.9079115602907923,0.0920884397092077,0.0,0.0,0.0,0.0,200,200
57,99,726.453686365482,3.63226843182741,0.8086254009894782,9075266.226492096,80862540.09894782,1.0526315789472824,0.6590671782648359,0.8446353742015473,0.5600080973385658,-0.2846272768629815,0.5161884798798485,0.572619501320492,0.7212059406337551,0.4441451809021892,8.982903618043782,0.9499999999999998,0.8721124912590029,0.1278875087409972,0.0,0.0,0.0,0.0,200,200
58,100,576.3405478064155,2.8817027390320775,0.670291109049015,6918599.830569544,67029110.904901505,1.0526315789473022,0.6445389295163484,0.8392665548247755,0.543274763984308,-0.29599179084046756,0.4960390769690062,0.635463606316587,0.821828907179157,0.4906869858782957,9.91373971756591,0.9499999999999998,0.9072746055414652,0.09272539445853457,0.0,0.0,0.0,0.0,200,200
59,101,657.744248435221,3.288721242176105,0.8044152128370835,7419287.307630297,80441521.28370835,1.0526315789472782,0.66155033589151,0.8605086455026003,0.5610944951477029,-0.2994141503548974,0.5111586019109455,0.578343825765411,0.7374343444513973,0.5389006657044847,10.878013314089692,0.9499999999999998,0.9143612662340145,0.0856387337659852,0.0,0.0,0.0,0.0,200,200
60,102,819.4673371354047,4.097336685677024,0.9989637031196138,9292257.456827888,99896370.31196138,1.052631578947281,0.6586867651074758,0.8532172183861031,0.5585373845625531,-0.29467983382355,0.5109024200890747,0.6264272631410416,0.7351645320635238,0.5362322312585457,10.824644625170912,0.9499999999999998,0.8680084916420726,0.13199150835792728,0.0,0.0,0.0,0.0,200,200
61,103,740.7702933378594,3.7038514666892968,0.8776337823642123,8645741.71908102,87763378.23642124,1.0526315789473057,0.6629744806886754,0.8397743550033973,0.5772711961480759,-0.2625031588553214,0.5312645549091441,0.522767504977977,0.6436073586211404,0.5064097957386257,10.228195914772511,0.9499999999999998,0.9323859865888966,0.06761401341110332,0.0,0.0,0.0,0.0,200,200
62,104,721.7603105040499,3.6088015525202497,0.7754465206575616,9358156.363802895,77544652.06575614,1.0526315789472551,0.6575735359318752,0.8458576220794004,0.5553736848781224,-0.29048393720127796,0.5118662472470119,0.6592846399718411,0.8059550598952949,0.4141106077371078,8.382212154742154,0.9499999999999998,0.8696399800380691,0.1303600199619308,0.0,0.0,0.0,0.0,200,200
63,105,641.6563200287425,3.2082816001437124,0.7403374433426307,7765995.76473325,74033744.33426306,1.0526315789473042,0.6454069243440109,0.8439662177633395,0.5427432271259982,-0.30122299063734126,0.49451707787889587,0.6491579709552576,0.8330948477774852,0.47981223407534707,9.69624468150694,0.9499999999999998,0.9313665149890664,0.06863348501093354,0.0,0.0,0.0,0.0,200,200
64,106,689.2022601786539,3.4460113008932693,0.7605318354591121,8696495.815657048,76053183.54591122,1.052631578947279,0.651627667567638,0.843901744765664,0.5523178891928453,-0.29158385557281874,0.5055900437475309,0.5930681864938901,0.7355599669517336,0.435545211679404,8.810904233588078,0.9499999999999998,0.9122154150464769,0.08778458495352348,0.0,0.0,0.0,0.0,200,200
65,107,731.5750224167685,3.657875112083843,0.8023598258987235,9295870.721132534,80235982.58987235,1.052631578947267,0.6524540126169325,0.8372022810747343,0.5574320564164169,-0.27977022465831736,0.512102817083013,0.627369313722251,0.7393256522156776,0.4306373820798835,8.712747641597668,0.9499999999999998,0.8351609766201216,0.1648390233798786,0.0,0.0,0.0,0.0,200,200
66,108,663.9303412906224,3.3196517064531124,0.8098026580157716,7506599.399004686,80980265.80157715,1.0526315789472958,0.66234813670351,0.8564443855793531,0.5701078328317172,-0.2863365527476359,0.5188209859511939,0.5593616165514084,0.6181500654285995,0.5425361436762359,10.950722873524716,0.95,0.9514934937521864,0.04850650624781395,0.0,0.0,0.0,0.0,200,200
67,109,544.8708829661332,2.7243544148306658,0.7020752066844683,5800111.335855991,70207520.66844684,1.0526315789472944,0.6441522610619219,0.8291506429335133,0.5467798945804936,-0.2823707483530197,0.5026053016214854,0.6561050928911779,0.8298261550302437,0.6129857770261951,12.3597155405239,0.9499999999999998,0.9114044385646207,0.08859556143537915,0.0,0.0,0.0,0.0,200,200
68,110,750.919174450439,3.7545958722521946,0.8611982670203011,9078240.93756248,86119826.7020301,1.052631578947292,0.6623776337395025,0.8446950769660575,0.567990137988996,-0.2767049389770615,0.5237282044203354,0.5158695707346397,0.6906275691720504,0.4784713745624722,9.669427491249442,0.9499999999999998,0.9614354556012726,0.038564544398727245,0.0,0.0,0.0,0.0,200,200
69,111,704.3973846116572,3.5219869230582863,0.7816706288540871,8832770.97728645,78167062.8854087,1.0526315789472784,0.6574804522898698,0.8421784203960904,0.5638653668275809,-0.27831305356850944,0.5179979924085799,0.5865760680259725,0.720539375294501,0.4415679676248365,8.931359352496727,0.9499999999999998,0.913132057578556,0.08686794242144394,0.0,0.0,0.0,0.0,200,200
70,112,546.4529115971428,2.732264557985714,0.6304606492493599,6636134.959525354,63046064.92493598,1.0526315789472938,0.642826255480148,0.8388032850544533,0.5372029777044212,-0.3016003073500322,0.49177424773310235,0.6860520012688144,0.8355753000552044,0.47488717260056,9.597743452011198,0.9499999999999998,0.8783906157049864,0.12160938429501351,0.0,0.0,0.0,0.0,200,200
71,113,647.9261422995353,3.2396307114976763,0.7818507697167795,7418671.624286553,78185076.97167793,1.0526315789473006,0.6613777848963679,0.8475322596608093,0.5702348175556524,-0.27729744210515683,0.5222338318325724,0.556778847724473,0.6446999317626078,0.5286481389530526,10.672962779061052,0.9499999999999998,0.8954404810483224,0.1045595189516775,0.0,0.0,0.0,0.0,200,200
72,114,689.5728025093139,3.447864012546569,0.7607349410328996,8715519.35184865,76073494.10328995,1.0526315789472243,0.6541712749605932,0.8413548408688675,0.5469703702260204,-0.2943844706428471,0.5066948991493776,0.6294416188012297,0.8071170002215607,0.4436429013005909,8.972858026011817,0.9499999999999998,0.8634922032405415,0.13650779675945812,0.0,0.0,0.0,0.0,200,200
73,115,686.9061154453408,3.434530577226704,0.8400937932441892,7736339.779376836,84009379.32441892,1.0526315789473057,0.6656128488293345,0.8307472718903671,0.5769271055567537,-0.2538201663336134,0.5383036350320606,0.5555972277166424,0.7085527878015482,0.5423313222290963,10.94662644458192,0.9499999999999998,0.91389197953553,0.08610802046446966,0.0,0.0,0.0,0.0,200,200
74,116,628.9510615964213,3.1447553079821065,0.7610551708364051,7206003.854477999,76105517.08364052,1.0526315789472998,0.6527853653213614,0.8445947200774608,0.5484201694646851,-0.29617455061277576,0.5044454148954136,0.618904299928805,0.7697256586888949,0.5254754254942563,10.609508509885124,0.9499999999999998,0.9028156781960894,0.09718432180391065,0.0,0.0,0.0,0.0,200,200
75,117,667.6171574471617,3.3380857872358085,0.8605333328155365,7043044.988165262,86053333.28155366,1.0526315789472784,0.6643526590561964,0.8508458027038884,0.5614219832517551,-0.28942381945213336,0.5192036997089052,0.5772852256742896,0.7494659238246525,0.6106509060993013,12.313018121986019,0.9499999999999998,0.7935449634329769,0.2064550365670231,0.0,0.0,0.0,0.0,200,200
76,118,791.7497239440536,3.958748619720268,0.9303879316496446,9360759.926484736,93038793.16496445,1.0526315789473057,0.6610558697959017,0.8512483489905772,0.5580482277268823,-0.2932001212636949,0.514117283018166,0.6204384243982713,0.7499638125249449,0.4951826578319451,10.003653156638899,0.95,0.9134297110780014,0.08657028892199861,0.0,0.0,0.0,0.0,200,200
77,119,635.1784502557042,3.175892251278521,0.7734795339725303,7206361.021307304,77347953.39725304,1.0526315789473362,0.661199800923118,0.8507153796635114,0.562683917380391,-0.2880314622831204,0.5169027595910441,0.588159345633714,0.7277728758411173,0.5357321926012336,10.814643852024671,0.9499999999999998,0.9063210478577689,0.09367895214223168,0.0,0.0,0.0,0.0,200,200
78,120,689.9935499169233,3.449967749584616,0.765496504959624,8663670.924835429,76549650.4959624,1.0526315789473093,0.6553407159112425,0.842062779254151,0.5533017484182605,-0.28876103083589044,0.5106954378595197,0.6078775025267764,0.8062990236016148,0.4412382469990044,8.924764939980085,0.9499999999999998,0.9226618379275743,0.0773381620724255,0.0,0.0,0.0,0.0,200,200
79,121,788.335705890014,3.94167852945007,0.8716875500322807,9873406.062479561,87168755.00322807,1.0526315789472906,0.6716888439485581,0.8479351213944891,0.5783268727131501,-0.26960824868133904,0.5364156691311863,0.4876269599370311,0.6042967551599773,0.4427490148214166,8.954980296428328,0.9499999999999998,0.9066861052314951,0.09331389476850514,0.0,0.0,0.0,0.0,200,200
80,122,751.7551454616047,3.7587757273080236,0.7939437269505416,9898245.099790443,79394372.69505414,1.0526315789472789,0.6502886666417642,0.850091488708985,0.547398942535849,-0.302692546173136,0.49872431861902755,0.6444765811702635,0.7647978294867147,0.40078407673656696,8.115681534731337,0.9499999999999998,0.9376895258349959,0.06231047416500393,0.0,0.0,0.0,0.0,200,200
81,123,608.1655798840865,3.0408278994204325,0.6793452610117953,7609528.108906524,67934526.10117953,1.0526315789473222,0.6452914979954714,0.8332055613443666,0.5471592463762096,-0.286046314968157,0.5020321388412816,0.648732233688288,0.7480239691490459,0.4447440518387812,8.99488103677562,0.9499999999999998,0.8934425118481281,0.10655748815187202,0.0,0.0,0.0,0.0,200,200
82,124,548.0481095098871,2.7402405475494356,0.7196240234168354,5680756.975914039,71962402.34168354,1.0526315789473006,0.6559277961565061,0.8437452553869701,0.5513552100140913,-0.2923900453728788,0.5093875197831077,0.6700125625183617,0.8625705392577293,0.630172329575289,12.703446591505775,0.9499999999999998,0.85049522655163,0.14950477344836988,0.0,0.0,0.0,0.0,200,200
83,125,618.9642927324426,3.0948214636622127,0.6984573973107621,7673249.078568232,69845739.7310762,1.05263157894729,0.6414181552119002,0.8365520733503198,0.5413930364380937,-0.2951590369122261,0.4936026654133303,0.6608901184062259,0.7956333390476173,0.45528674728143964,9.20573494562879,0.9499999999999998,0.8859811237007966,0.11401887629920317,0.0,0.0,0.0,0.0,200,200
84,126,706.2281237943271,3.5311406189716354,0.8119765407331815,8567620.476077797,81197654.07331815,1.0526315789472909,0.6510345830294993,0.8379569590013064,0.5540598131247847,-0.2838971458765217,0.5088422669047789,0.6445742254302073,0.7986514752761231,0.4740685321915153,9.581370643830303,0.9499999999999998,0.952517524430465,0.04748247556953512,0.0,0.0,0.0,0.0,200,200
85,127,765.5283656862617,3.8276418284313087,0.953086528533448,8415439.90630417,95308652.8533448,1.0526315789472833,0.6746778158078922,0.8496271464558935,0.5828100394241253,-0.2668171070317682,0.5409155235898043,0.5219057309780885,0.6628627316259618,0.564133326867246,11.38266653734492,0.9499999999999998,0.8808672761000311,0.1191327238999688,0.0,0.0,0.0,0.0,200,200
86,128,765.5275143052942,3.8276375715264708,0.8848499220985591,9178612.090059767,88484992.2098559,1.0526315789472656,0.6716764484795137,0.8395375929590767,0.5844412704493183,-0.25509632250975844,0.5436125396191532,0.538529256297117,0.6866004978128736,0.48074110182243746,9.714822036448748,0.9499999999999998,0.8850413779569806,0.11495862204301945,0.0,0.0,0.0,0.0,200,200
87,129,662.8633884387223,3.3143169421936114,0.7583079199972041,8045860.232398264,75830791.99972042,1.0526315789472849,0.6642278315959385,0.8455671993343294,0.5665136797782859,-0.2790535195560435,0.5242151316643622,0.556131483038836,0.6789314147824423,0.47038227455980447,9.507645491196088,0.9499999999999998,0.9061831735686607,0.0938168264313391,0.0,0.0,0.0,0.0,200,200
88,130,671.1034423677642,3.355517211838821,0.7970131862996752,7847554.6091660885,79701318.62996751,1.0526315789473124,0.6541519694117176,0.8470352729969776,0.5577230069492612,-0.2893122660477163,0.509334454070737,0.6079095989737161,0.6950831922362305,0.5065407444578668,10.230814889157333,0.9499999999999998,0.9569219755429184,0.04307802445708177,0.0,0.0,0.0,0.0,200,200
89,131,712.9270215273796,3.5646351076368976,0.7781314940365269,9082951.58650353,77813149.40365268,1.0526315789472915,0.6670244826632186,0.8491976357176914,0.56655805929792,-0.28263957641977133,0.525244472702064,0.6048374593068186,0.7757612788559975,0.4274303120908299,8.648606241816594,0.9499999999999998,0.8529868606343363,0.14701313936566376,0.0,0.0,0.0,0.0,200,200
90,132,677.3707042478859,3.3868535212394293,0.7915455368264019,8035122.492364185,79154553.68264018,1.0526315789472989,0.6671454051332583,0.8552493310886906,0.5679428102359472,-0.28730652085274344,0.5230205666616411,0.555006339583684,0.7234577780481521,0.49080738156733417,9.916147631346682,0.9499999999999998,0.9364516466133601,0.06354835338664008,0.0,0.0,0.0,0.0,200,200
91,133,694.5486799891307,3.472743399945654,0.8323291917723455,8030288.967560577,83232919.17723456,1.0526315789473109,0.6610190411323574,0.8506458759541982,0.5574238612009015,-0.2932220147532967,0.5140052566745056,0.6006871131653349,0.7504784069772021,0.5170444843446859,10.440889686893714,0.9499999999999998,0.876530595345386,0.12346940465461412,0.0,0.0,0.0,0.0,200,200
92,134,570.0222360644698,2.850111180322349,0.6674057209197792,6810715.271116541,66740572.091977924,1.0526315789472875,0.6425825056078497,0.8413525686217838,0.5469960359698907,-0.2943565326518931,0.4950232135718734,0.6839011604752021,0.799833033609797,0.48533302628137603,9.80666052562752,0.9499999999999998,0.9178332560442688,0.08216674395573112,0.0,0.0,0.0,0.0,200,200
93,135,646.4648088705123,3.232324044352562,0.8141828284962622,7036989.736615578,81418282.84962624,1.052631578947325,0.6680518180782381,0.8529898596988874,0.5754614410630532,-0.2775284186358342,0.5288093815886967,0.6040629544365314,0.712311083874679,0.5755994687525453,11.611989375050905,0.9499999999999998,0.8854590257785625,0.11454097422143733,0.0,0.0,0.0,0.0,200,200
94,136,742.6074115203158,3.7130370576015794,0.8719169602815156,8716958.841321755,87191696.02815156,1.0526315789472702,0.6782257933739163,0.8548660988903549,0.591248336238836,-0.2636177626515189,0.5458799902569368,0.446603126243581,0.5030079999624315,0.5001946278602118,10.103892557204233,0.9499999999999998,0.8874142053016155,0.11258579469838431,0.0,0.0,0.0,0.0,200,200
95,137,738.0091295886688,3.690045647943344,0.7759028257516742,9723481.851809364,77590282.57516743,1.0526315789472545,0.6682167536873139,0.839520922401876,0.5779607127799262,-0.2615602096219498,0.5371154910550309,0.5875003464290998,0.7410336546507299,0.39690478816812536,8.038095763362506,0.9499999999999998,0.8507355706980393,0.14926442930196074,0.0,0.0,0.0,0.0,200,200
96,138,676.7219314681997,3.383609657340999,0.8094911797654997,7831028.703570906,80949117.97654998,1.0526315789472633,0.6623548512918478,0.8468245350308156,0.5680866526282355,-0.27873788240258,0.522347731693235,0.5736611521231505,0.6814390207094034,0.5168921185928775,10.437842371857549,0.9499999999999998,0.849294738244046,0.15070526175595386,0.0,0.0,0.0,0.0,200,200
97,139,817.2529813073405,4.0862649065367025,0.9004206792817899,10331995.23371581,90042067.92817898,1.0526315789472154,0.6615021659807294,0.8553772105464885,0.5661040332127711,-0.2892731773337174,0.5164653072764964,0.6367398026711849,0.7289305092405268,0.4362568474378968,8.825136948757933,0.9499999999999998,0.8561347008561537,0.14386529914384624,0.0,0.0,0.0,0.0,200,200
98,140,800.1199458095482,4.000599729047741,0.8705959205996808,10194181.679344328,87059592.05996807,1.052631578947303,0.6711265473674852,0.8637671529191229,0.5727779620132492,-0.2909891909058737,0.5252697536507572,0.5320455504236691,0.7010569298083578,0.4285297217069383,8.670594434138764,0.9499999999999998,0.9143715293789376,0.08562847062106264,0.0,0.0,0.0,0.0,200,200
99,141,644.0155846825944,3.220077923412972,0.7256760434093832,7970061.174664152,72567604.34093831,1.0526315789472844,0.6513408403481852,0.8490288433674724,0.5409985844033675,-0.30803025896410496,0.49686362625850583,0.6119681263161924,0.8655696469213925,0.4637576270358149,9.375152540716298,0.9499999999999998,0.9166592130146002,0.08334078698540023,0.0,0.0,0.0,0.0,200,200
100,142,705.513265329745,3.5275663266487247,0.8478644289854368,8115801.920072134,84786442.89854369,1.0526315789473126,0.6651315846990177,0.8492831331087152,0.570104022736902,-0.2791791103718132,0.5252208845731647,0.5681283405831519,0.7400317400074882,0.5216150835814842,10.532301671629682,0.9499999999999998,0.9161398329836001,0.08386016701639985,0.0,0.0,0.0,0.0,200,200
101,143,732.9967957871713,3.6649839789358567,0.6888778885994757,10588245.967954643,68887788.85994759,1.0526315789472602,0.6483428108137902,0.84931713353175,0.552405639068101,-0.29691149446364895,0.49940759669350726,0.6052986894320351,0.7165472591816763,0.32901792518326334,6.680358503665264,0.9499999999999998,0.93315398833483,0.06684601166517001,0.0,0.0,0.0,0.0,200,200
102,144,683.0682060388991,3.4153410301944955,0.8181082712300416,7914281.108211974,81810827.12300415,1.0526315789472707,0.6559553245138037,0.8311470414544386,0.5719165259948087,-0.25923051545962994,0.5258532294426688,0.6217068363287974,0.7355258258593815,0.516706853063326,10.434137061266517,0.9499999999999998,0.856969848800438,0.14303015119956197,0.0,0.0,0.0,0.0,200,200
103,145,672.1573714353424,3.360786857176712,0.7642888913492912,8230012.755474186,76428889.1349291,1.052631578947276,0.6670835965769922,0.8445336484286081,0.5757465534862238,-0.2687870949423843,0.5322914152407718,0.620527282399817,0.7384135786680673,0.46183918180235195,9.336783636047038,0.9499999999999998,0.8305020079554636,0.16949799204453647,0.0,0.0,0.0,0.0,200,200
104,146,759.0156530733653,3.795078265366827,0.8888473604976584,8987604.839324543,88884736.04976586,1.052631578947298,0.6585261900118107,0.8495579916293797,0.563353753654291,-0.28620423797508876,0.5149553353612348,0.5503596880867876,0.7002349722886574,0.4985997629402046,10.071995258804089,0.9499999999999998,0.9130188595516161,0.08698114044838415,0.0,0.0,0.0,0.0,200,200
105,147,696.1132523023853,3.4805662615119264,0.8137710976639255,8269542.625527449,81377109.76639256,1.052631578947296,0.6600573413221946,0.8491605872663859,0.5682114896587674,-0.28094909760761844,0.519113723055484,0.5844870456224984,0.6634598263225503,0.49264580169917466,9.95291603398349,0.9499999999999998,0.9254387416428167,0.07456125835718312,0.0,0.0,0.0,0.0,200,200
106,148,675.2091694090232,3.376045847045116,0.7741897560316049,8203707.050034415,77418975.60316049,1.0526315789472906,0.6589895705691569,0.8487396664982152,0.5581772659004578,-0.2905624005977574,0.51327137591589,0.6241354279621923,0.7764678300619631,0.47114265217634965,9.522853043526991,0.9499999999999998,0.9191844070778938,0.08081559292210608,0.0,0.0,0.0,0.0,200,200
107,149,710.3402177850857,3.5517010889254284,0.7802842270902498,8980044.4429137,78028422.70902498,1.052631578947288,0.6628565311325899,0.8433027988873352,0.574310846332025,-0.26899195255531017,0.5281363103684256,0.552771106703783,0.6587865689043556,0.4348577259972808,8.797154519945614,0.9499999999999998,0.8346284964919201,0.16537150350807978,0.0,0.0,0.0,0.0,200,200
108,150,683.2522729473702,3.416261364736851,0.7860346683041309,8247240.345882671,78603466.83041309,1.0526315789473015,0.6736080589987553,0.8611029333024606,0.5772338192369596,-0.28386911406550097,0.5313087994856066,0.5853034785266827,0.6872085141679871,0.47303122837172124,9.560624567434422,0.9499999999999998,0.8715738185059828,0.12842618149401683,0.0,0.0,0.0,0.0,200,200
109,151,752.1796330165532,3.760898165082766,0.874629525278483,8975673.104420766,87462952.5278483,1.0526315789472753,0.6655929570064915,0.8506777815680506,0.5675466241933111,-0.2831311573747395,0.5236480217550472,0.5668314343744616,0.7289703083978156,0.48900840334201345,9.880168066840268,0.9499999999999998,0.8655440546423268,0.13445594535767327,0.0,0.0,0.0,0.0,200,200
110,152,840.8325455487848,4.204162727743924,0.9136736979729843,10754570.509462265,91367369.79729842,1.052631578947303,0.6554907984358819,0.8315454266739453,0.5658329200481331,-0.26571250662581214,0.5222117583053573,0.5781277073777332,0.6855517256617379,0.42457498478754496,8.591499695750898,0.9499999999999998,0.8912050185740915,0.1087949814259084,0.0,0.0,0.0,0.0,200,200
111,153,666.873001471307,3.334365007356535,0.7847872094741942,7873095.3318637125,78478720.94741942,1.0526315789472793,0.6608175740024465,0.8544751601637767,0.5585267774287426,-0.2959483827350341,0.5124228801004768,0.608686600928505,0.7197818341437681,0.49633202461032483,10.026640492206495,0.9499999999999998,0.8987750514832912,0.10122494851670866,0.0,0.0,0.0,0.0,200,200
112,154,770.5833812366382,3.8529169061831907,0.8967147084704109,9163266.799465097,89671470.84704107,1.052631578947303,0.672538381962952,0.8463509033122772,0.5780727007243194,-0.26827820258795787,0.5378588411139534,0.5120011319014535,0.6730315646466329,0.49163952964476265,9.932790592895252,0.9499999999999998,0.9544757268683225,0.0455242731316773,0.0,0.0,0.0,0.0,200,200
113,155,737.0172735123,3.6850863675615,0.8492290668612843,8901748.227430154,84922906.68612842,1.0526315789472762,0.6626166801637532,0.8432927623688429,0.5677608853443521,-0.2755318770244908,0.5242613057671245,0.6212524737434371,0.7766398385368116,0.47645847738363956,9.629169547672788,0.9499999999999998,0.8569190082198551,0.14308099178014502,0.0,0.0,0.0,0.0,200,200
114,156,755.9108154899837,3.7795540774499186,0.9041523027499312,8727583.46851186,90415230.27499312,1.0526315789473204,0.6708919906229005,0.8504425328960394,0.5753753649777703,-0.27506716791826913,0.5329069606939643,0.5400673398655117,0.6414166286471609,0.5165001141511748,10.43000228302349,0.9499999999999998,0.957264922170489,0.04273507782951109,0.0,0.0,0.0,0.0,200,200
115,157,717.9402672758765,3.589701336379383,0.8381098760855533,8529539.847377378,83810987.60855533,1.0526315789472611,0.6705111795828695,0.8561352631196917,0.5676682616503135,-0.2884670014693782,0.5257232613546909,0.573762074840266,0.7365959882117049,0.4906978521582496,9.91395704316499,0.9499999999999998,0.8908080838398148,0.10919191616018516,0.0,0.0,0.0,0.0,200,200
116,158,698.1319562400797,3.4906597812003985,0.8545494598884465,7853693.961098704,85454945.98884466,1.0526315789473137,0.6671394583894341,0.8478100149332086,0.5688611674852906,-0.27894884744791804,0.5270287363736614,0.5563297705199033,0.6978264723742121,0.5433868202845915,10.967736405691829,0.9499999999999998,0.8597810272096424,0.14021897279035755,0.0,0.0,0.0,0.0,200,200
117,159,647.6704757769656,3.2383523788848283,0.7669004896526215,7595744.93504722,76690048.96526216,1.0526315789472565,0.656461758391197,0.8452309910850996,0.56019300036984,-0.2850379907152596,0.5133391801478245,0.6004286542916725,0.72556357325511,0.5039133180141653,10.178266360283303,0.9499999999999998,0.8641353106867206,0.13586468931327933,0.0,0.0,0.0,0.0,200,200
118,160,744.2447750005665,3.7212238750028326,0.8517912619420571,9007726.784124212,85179126.1942057,1.0526315789473257,0.669230054179595,0.8443715104777045,0.5770229031252216,-0.2673486073524829,0.534738413399209,0.5044216358533139,0.6569107690033935,0.4763654888881647,9.627309777763292,0.9499999999999998,0.9217056975259551,0.07829430247404476,0.0,0.0,0.0,0.0,200,200
119,161,692.8178713073562,3.464089356536781,0.8287634629536238,7998552.6539345,82876346.29536238,1.0526315789472382,0.664267999770572,0.8370577308833053,0.5759567191960203,-0.26110101168728495,0.5331710357485077,0.526320852186961,0.658999618137593,0.5168095010830476,10.436190021660948,0.9499999999999998,0.8301816138796534,0.16981838612034678,0.0,0.0,0.0,0.0,200,200
120,162,618.3093614797758,3.091546807398879,0.7578510925095415,6962607.312212322,75785109.25095414,1.0526315789473295,0.6557577938977129,0.8442403695981628,0.5617507437571613,-0.28248962584100157,0.5139664270108496,0.5751878805335846,0.718823844179709,0.5532302344814926,11.164604689629847,0.9499999999999998,0.946562419600319,0.05343758039968117,0.0,0.0,0.0,0.0,200,200
121,163,684.4982405316375,3.4224912026581875,0.789712223101653,8237317.500299148,78971222.3101653,1.0526315789472944,0.6628531437518572,0.8473761922203001,0.5721399856291718,-0.27523620659112835,0.5243656375976736,0.5599873827953228,0.6662403583726966,0.4804589259205095,9.709178518410187,0.9499999999999998,0.9493010478043845,0.0506989521956155,0.0,0.0,0.0,0.0,200,200
122,164,728.4071051295301,3.6420355256476507,0.7991147011792816,9213509.97599984,79911470.11792816,1.0526315789472334,0.6701559504891133,0.8572153471956756,0.5741830240090529,-0.28303232318662275,0.5279902734763289,0.551040177578177,0.7100132153374348,0.43271752182153433,8.754350436430684,0.9499999999999998,0.8765967930534433,0.12340320694655663,0.0,0.0,0.0,0.0,200,200
123,165,737.7807272422743,3.688903636211372,0.7856148085295871,9603119.008180454,78561480.85295872,1.0526315789472793,0.6645277839404777,0.8458798083075447,0.5676972055252858,-0.2781826027822589,0.5247470519016159,0.559291372315364,0.6493271501979085,0.4080354495553511,8.26070899110702,0.9499999999999998,0.9203790084401048,0.079620991559895,0.0,0.0,0.0,0.0,200,200
124,166,731.8634659307327,3.659317329653663,0.8323368782710676,8934697.716399033,83233687.82710676,1.0526315789473086,0.6653798379503274,0.8495041489090687,0.578927704093233,-0.27057644481583565,0.5293120853335074,0.5515627593208542,0.6632864528028019,0.46467767005908533,9.393553401181705,0.9499999999999998,0.9646680062803981,0.03533199371960172,0.0,0.0,0.0,0.0,200,200
125,167,619.5862437336584,3.097931218668292,0.761763055671083,6954135.333933127,76176305.5671083,1.052631578947318,0.6608403289604626,0.8471250680574887,0.5649509544439262,-0.2821741136135625,0.519111036185497,0.5983298718010539,0.7418839666278604,0.5487506931491153,11.075013862982303,0.9499999999999998,0.9112970917583029,0.08870290824169733,0.0,0.0,0.0,0.0,200,200
126,168,717.2489026031361,3.5862445130156804,0.8591043306821136,8273128.5817166865,85910433.06821136,1.0526315789472818,0.6733790515948668,0.8527237650229622,0.5829074939323141,-0.2698162710906481,0.5378299415227282,0.5587068375061152,0.6835804897639762,0.5208802727736619,10.517605455473237,0.9499999999999998,0.9020828334412394,0.09791716655876045,0.0,0.0,0.0,0.0,200,200
127,169,641.8318984022144,3.209159492011072,0.7347808193870489,7813229.102585819,73478081.9387049,1.0526315789473009,0.6564934010803876,0.8543517281561724,0.5574185425497882,-0.29693318560638426,0.5073781655021417,0.6207875988977657,0.7639176341729683,0.4703809638696548,9.507619277393093,0.9499999999999998,0.9079209401153548,0.09207905988464525,0.0,0.0,0.0,0.0,200,200
128,170,749.2486913250283,3.7462434566251415,0.8500696949422448,9237009.127513321,85006969.49422447,1.0526315789472855,0.6450008904440208,0.8366145675634019,0.5418216396858233,-0.2947929278775786,0.497116073316876,0.7015348212600856,0.8341150669998323,0.4602833324270905,9.305666648541807,0.9499999999999998,0.8564886399680338,0.14351136003196635,0.0,0.0,0.0,0.0,200,200
129,171,804.8327456321092,4.024163728160546,0.8389271409936137,10687878.983698241,83892714.09936137,1.0526315789472436,0.661565639553005,0.8435919502894942,0.5663502894767387,-0.2772416608127555,0.5223801248137865,0.5819092226967354,0.7484689530628847,0.3952914909959654,8.005829819919306,0.9499999999999998,0.849881278485025,0.1501187215149751,0.0,0.0,0.0,0.0,200,200
130,172,762.469184137381,3.812345920686905,1.0011310174678747,7840169.983130588,100113101.74678747,1.0526315789473106,0.6687432431485751,0.8584114354501192,0.5766877105099486,-0.2817237249401706,0.5271454711622612,0.5981378681037282,0.7083729972046895,0.6343890964815219,12.787781929630432,0.9499999999999998,0.9104516975328161,0.0895483024671835,0.0,0.0,0.0,0.0,200,200
131,173,614.7173830357168,3.073586915178584,0.7812760044886724,6653947.210676456,78127600.44886723,1.0526315789473246,0.6500423366454967,0.8377208426018857,0.5490200495891483,-0.28870079301273743,0.5050410463635518,0.6775932828203756,0.8283311559141403,0.5833963935278881,11.767927870557756,0.9499999999999998,0.8761149286801482,0.12388507131985182,0.0,0.0,0.0,0.0,200,200
132,174,749.6481759734852,3.748240879867426,0.9380624017571914,8196275.163973304,93806240.17571913,1.0526315789472884,0.6731819737674022,0.8485632855562315,0.5796777146308874,-0.26888557092534415,0.5381404431837624,0.541381247045072,0.6484847238661567,0.5699586688807394,11.499173377614785,0.9499999999999998,0.8436664813056172,0.15633351869438286,0.0,0.0,0.0,0.0,200,200
133,175,680.2684619214431,3.4013423096072155,0.8634180657379812,7318626.018345566,86341806.57379813,1.0526315789473129,0.6693214865827053,0.8530710576382164,0.5771597418225664,-0.2759113158156501,0.5308057070715024,0.5726681221732166,0.681262788945391,0.5915027159612001,11.930054319223999,0.9499999999999998,0.9006585801789128,0.09934141982108727,0.0,0.0,0.0,0.0,200,200
134,176,726.4407155050292,3.632203577525146,0.8604819873266959,8488481.136240045,86048198.7326696,1.0526315789472749,0.6706878452834778,0.8488255551475972,0.5825851820691919,-0.2662403730784053,0.536901559012689,0.5620445031195144,0.6821051813548538,0.5067348373062706,10.234696746125408,0.9499999999999998,0.8779880237322066,0.1220119762677933,0.0,0.0,0.0,0.0,200,200
135,177,552.3342012574062,2.761671006287031,0.6694192450083953,6320263.489909203,66941924.50083953,1.0526315789473062,0.651732416861701,0.8449894492210325,0.5495918477500418,-0.2953976014709907,0.5034870929522325,0.6119608331889123,0.7422039918097574,0.528261813943609,10.665236278872179,0.9499999999999998,0.9009275106188125,0.09907248938118755,0.0,0.0,0.0,0.0,200,200
136,178,791.8848694649404,3.9594243473247017,0.885509208785114,9837428.645017873,88550920.87851138,1.0526315789472889,0.6613609032884046,0.8432277692274255,0.574695099831216,-0.26853266939620946,0.526244858399217,0.5492573308264753,0.5871220029070027,0.4525580975788216,9.15116195157643,0.9499999999999998,0.9259259855879327,0.0740740144120672,0.0,0.0,0.0,0.0,200,200
137,179,725.3894155670793,3.6269470778353963,0.8962435839992076,8078178.656313546,89624358.39992076,1.0526315789473282,0.6642001761599988,0.8461019578476435,0.5705405745763273,-0.2755613832713162,0.5257924920525875,0.5804275555736271,0.6991055229957691,0.5532336405951719,11.164672811903433,0.9499999999999998,0.8933780098378317,0.10662199016216853,0.0,0.0,0.0,0.0,200,200
138,180,603.1661703482804,3.015830851741402,0.6875958696820257,7338798.048944958,68759586.96820258,1.0526315789472878,0.6685687695794499,0.851936221283391,0.5720061706685509,-0.2799300506148401,0.5280823791265145,0.5383144621394951,0.6644066033462005,0.46602874914658243,9.420574982931646,0.9499999999999998,0.8556707320769378,0.14432926792306197,0.0,0.0,0.0,0.0,200,200
139,181,790.7288983009918,3.9536444915049587,0.8809234551473426,9868783.376232553,88092345.51473425,1.052631578947303,0.6682051256746387,0.8409840548138485,0.5781267992097285,-0.26285725560412,0.5360896180899608,0.5921136845998582,0.6514391459577112,0.4446439581539016,8.99287916307803,0.95,0.8959836478135181,0.10401635218648185,0.0,0.0,0.0,0.0,200,200
140,182,829.8474310280938,4.149237155140469,0.9296051860981287,10301768.675564205,92960518.60981287,1.0526315789473049,0.6606183222269644,0.8354272652957523,0.5729787313144589,-0.2624485339812934,0.528717015403057,0.5805868927408729,0.682049187210896,0.45155602973631176,9.131120594726234,0.9499999999999998,0.9251146836960012,0.07488531630399867,0.0,0.0,0.0,0.0,200,200
141,183,700.8100614769085,3.504050307384542,0.7957269559821937,8610394.675111096,79572695.59821938,1.0526315789472944,0.6532849856861853,0.8454480908131199,0.5552544736591047,-0.29019361715401515,0.5073085330420369,0.6413726118976073,0.7857739727069444,0.46211642184803714,9.34232843696074,0.9499999999999998,0.9131861870102915,0.08681381298970844,0.0,0.0,0.0,0.0,200,200
142,184,700.1216311457847,3.5006081557289237,0.8628436802756668,7820964.16116431,86284368.02756669,1.052631578947313,0.6537607334949709,0.8268858996699325,0.5610543591955348,-0.2658315404743977,0.5203265294951833,0.5538008771112535,0.7176684443369994,0.5548741242135838,11.197482484271674,0.9499999999999998,0.9071715090245646,0.09282849097543554,0.0,0.0,0.0,0.0,200,200
143,185,705.2132629973305,3.5260663149866525,0.8170779862752802,8466931.697616734,81707798.62752803,1.0526315789473133,0.653824969224865,0.847828315623999,0.5544159905725558,-0.2934123250514432,0.5064091835197728,0.5958010762032797,0.7539175866384571,0.48214196238432483,9.742839247686495,0.95,0.9065436128970447,0.09345638710295522,0.0,0.0,0.0,0.0,200,200
144,186,715.7617906773684,3.578808953386842,0.8064511059615986,8815654.80886514,80645110.59615986,1.0526315789472336,0.6575624090448516,0.8434143633826585,0.5644891555525459,-0.27892520783011265,0.517516110163864,0.5152672293689964,0.683955213416361,0.45870637309064477,9.274127461812894,0.9499999999999998,0.9450612659808216,0.05493873401917867,0.0,0.0,0.0,0.0,200,200
145,187,614.8944538421443,3.074472269210722,0.7050349055997954,7496048.666277282,70503490.55997954,1.052631578947319,0.6512167414153174,0.8444918524296231,0.5507204878480286,-0.2937713645815945,0.5037084653507035,0.6713031622124794,0.8388377159949023,0.47027644143485303,9.50552882869706,0.9499999999999998,0.8848106657550909,0.11518933424490908,0.0,0.0,0.0,0.0,200,200
146,188,530.1217786111263,2.6506088930556313,0.6259653424119023,6272954.552963566,62596534.24119023,1.0526315789473,0.6413213632843838,0.8377135661382491,0.5377701884533368,-0.2999433776849123,0.4907429822605954,0.6557767384146538,0.8035625572767143,0.5015257130907775,10.130514261815549,0.9499999999999998,0.8972074666485574,0.10279253335144249,0.0,0.0,0.0,0.0,200,200
147,189,685.3467083920053,3.4267335419600267,0.7868099585539718,8310860.199385478,78680995.85539718,1.0526315789472924,0.6555332999880114,0.8345411948171222,0.5692217698680992,-0.26531942494902294,0.522196811575486,0.603001271553556,0.6980536199270109,0.47487091104439244,9.597418220887846,0.9499999999999998,0.9122260637490544,0.08777393625094575,0.0,0.0,0.0,0.0,200,200
148,190,706.7779131772535,3.5338895658862675,0.8283705476828694,8364969.316239575,82837054.76828696,1.0526315789472969,0.6607740177424971,0.8467739842089876,0.5612435151294181,-0.2855304690795696,0.5174204582694982,0.5645565670202242,0.7308947944463812,0.49634570142786105,10.026914028557218,0.9499999999999998,0.9351643950693724,0.06483560493062758,0.0,0.0,0.0,0.0,200,200
149,191,537.1532732492884,2.685766366246442,0.5943372835459246,6801234.300054817,59433728.35459247,1.0526315789472442,0.6461033192510297,0.8453697840342949,0.5400818641303241,-0.30528791990397075,0.49290890893451444,0.6854046610750478,0.7993108434132202,0.4340603842216988,8.781207684433973,0.95,0.8570661191617449,0.142933880838255,0.0,0.0,0.0,0.0,200,200
150,192,694.5591973952534,3.472795986976267,0.7852570345719514,8558561.834284257,78525703.45719515,1.0526315789472944,0.6518515897037613,0.8430969917985826,0.5464316344754832,-0.2966653573230994,0.5028004908468722,0.6009910856317382,0.8030944531009689,0.4600837821102541,9.30167564220508,0.9499999999999998,0.9454410345794598,0.0545589654205404,0.0,0.0,0.0,0.0,200,200
151,193,621.0694506879157,3.1053472534395787,0.7527410495418888,7109382.625416208,75274104.9541889,1.0526315789472986,0.6520960999681625,0.8420497363981146,0.5543144232173854,-0.2877353131807292,0.5076919191833071,0.6360517553518218,0.7603326882712254,0.5280520808211658,10.661041616423315,0.9499999999999998,0.8661282907765196,0.13387170922348043,0.0,0.0,0.0,0.0,200,200
152,194,760.3389903226894,3.801694951613447,0.8488789173215578,9454673.366851242,84887891.73215578,1.0526315789472926,0.6607873503413925,0.8511548220418265,0.5700641439209816,-0.2810906781208449,0.5196021812000065,0.5315043445365728,0.6418927668249073,0.44958242939981935,9.091648587996385,0.9499999999999998,0.9341944403767909,0.06580555962320946,0.0,0.0,0.0,0.0,200,200
153,195,738.8549390427609,3.6942746952138044,0.825240033575974,9179032.457959905,82524003.3575974,1.052631578947264,0.6695680081496362,0.853876950685627,0.5687073700468716,-0.2851695806387554,0.5264861081677183,0.5377807982972692,0.715658061008748,0.4489296698018079,9.078593396036156,0.9499999999999998,0.9273083512334351,0.07269164876656502,0.0,0.0,0.0,0.0,200,200
154,196,740.5546005197237,3.7027730025986187,0.8743277443941865,8667091.525003314,87432774.43941864,1.0526315789472995,0.6679687145936205,0.8539255310775629,0.5778007056288241,-0.27612482544873873,0.5293043352535761,0.5045338496610422,0.5836915656534074,0.5040199990698383,10.180399981396764,0.9499999999999998,0.8884388904637543,0.1115611095362455,0.0,0.0,0.0,0.0,200,200
155,197,686.5434716788371,3.4327173583941857,0.8315489390400799,7825545.475937781,83154893.90400797,1.0526315789472702,0.6684041169823423,0.8429933460018397,0.5750355720695695,-0.26795777393227027,0.5338933389415627,0.5728837102364509,0.6467824009890109,0.5299912663860814,10.699825327721623,0.95,0.8828189239738959,0.11718107602610424,0.0,0.0,0.0,0.0,200,200
156,198,525.7755095455524,2.628877547727762,0.6292536117213038,6110541.588319621,62925361.172130376,1.0526315789473109,0.6546441718658733,0.8431156104200086,0.5567759823749427,-0.28633962804506585,0.5109943763169784,0.6317459744985436,0.7877066867481612,0.5126901023498212,10.353802046996423,0.9499999999999998,0.841809892447244,0.1581901075527561,0.0,0.0,0.0,0.0,200,200
157,199,813.1696596184712,4.065848298092356,0.9424128957971345,9710349.53206682,94241289.57971348,1.0526315789473029,0.6722232871219799,0.8495850080304429,0.5893136042761902,-0.26027140375425273,0.5415397338943296,0.5054863127331213,0.5241894631203374,0.48226904841403667,9.745380968280731,0.9499999999999998,0.8620826763782569,0.13791732362174322,0.0,0.0,0.0,0.0,200,200
158,200,699.3064084601,3.4965320423004997,0.8326676298565101,8120892.417915349,83266762.985651,1.0526315789473109,0.6579023460538633,0.8477304840796727,0.5709816654098001,-0.27674881866987255,0.5190041635995679,0.5251676723830373,0.6233586264324483,0.5143974035529026,10.387948071058052,0.9499999999999998,0.915572028572654,0.08442797142734629,0.0,0.0,0.0,0.0,200,200
159,201,765.2679849184194,3.826339924592097,0.9035840368144228,8968109.62503252,90358403.68144228,1.0526315789472702,0.6673186770343669,0.8386002017804705,0.5756448520952799,-0.2629553496851905,0.5353648953575708,0.5377921106737489,0.7254271092558515,0.505505013556467,10.210100271129336,0.9499999999999998,0.9121786490622098,0.08782135093778988,0.0,0.0,0.0,0.0,200,200
160,202,582.3883936211504,2.911941968105752,0.7176193803325228,6518498.0000893315,71761938.03325228,1.0526315789472722,0.6603067116731646,0.8416734830002964,0.566673365233652,-0.27500011776664446,0.5222421753802238,0.5906739931353114,0.7262024716962069,0.5486868588075159,11.073737176150313,0.9499999999999998,0.8903653840148104,0.10963461598518932,0.0,0.0,0.0,0.0,200,200
161,203,753.9804779786045,3.769902389893023,0.8484939581950663,9288968.956952225,84849395.81950663,1.0526315789472975,0.6629728895539501,0.8484342857592153,0.5765178657625472,-0.27191641999666816,0.5265098035431501,0.501789384514395,0.644949280478165,0.4561880817462334,9.223761634924665,0.9499999999999998,0.9483979006722992,0.051602099327700976,0.0,0.0,0.0,0.0,200,200
162,204,727.8312239060112,3.6391561195300564,0.869135743564213,8412865.632291451,86913574.35642128,1.052631578947297,0.6698261599145837,0.84301096610225,0.5778034080779019,-0.26520755802434814,0.5367438379259104,0.5191281454982954,0.6146852456135454,0.5157652387383496,10.415304774766987,0.9499999999999998,0.9210509524494053,0.07894904755059486,0.0,0.0,0.0,0.0,200,200
163,205,712.9386661298272,3.564693330649136,0.8764032910363213,8005127.65117166,87640329.10363212,1.0526315789472869,0.6571476284599256,0.8424470077417283,0.5637621333349869,-0.2786848744067414,0.5171097391916774,0.611196230941676,0.7567155863580699,0.5462186702196196,11.024373404392385,0.9499999999999998,0.9142113368344765,0.0857886631655235,0.0,0.0,0.0,0.0,200,200
164,206,752.0880296299906,3.760440148149953,0.8733463805651968,8969364.945902843,87334638.05651969,1.0526315789472938,0.6678028620771036,0.84798394769215,0.5769192110745933,-0.2710647366175567,0.5316299389137694,0.5198907836859515,0.6493330625818744,0.48675744495393886,9.835148899078774,0.9499999999999998,0.9642074211532723,0.03579257884672758,0.0,0.0,0.0,0.0,200,200
165,207,873.4345810142592,4.367172905071296,0.9629477472106092,10966709.336357424,96294774.7210609,1.0526315789472902,0.6724086228105446,0.8475517946352913,0.5831004308252616,-0.26445136381002965,0.5394698001931285,0.46884188740027427,0.6088132941358806,0.4403157696205489,8.906315392410978,0.9499999999999998,0.946766617122016,0.05323338287798375,0.0,0.0,0.0,0.0,200,200
166,208,633.1348297912798,3.165674148956399,0.7143788785960372,7819944.264621591,71437887.8596037,1.052631578947303,0.6596846772928922,0.8531440290491981,0.5625211006735994,-0.29062292837559867,0.513782074362486,0.6180385619838186,0.7301946590461386,0.45699355658253993,9.239871131650796,0.9499999999999998,0.8849176654554134,0.11508233454458662,0.0,0.0,0.0,0.0,200,200
167,209,749.0693866768446,3.745346933384223,0.8461119756536093,9205420.257539835,84611197.56536095,1.0526315789472895,0.6652363581781161,0.8430525109196004,0.581093053905126,-0.26195945701447443,0.5335233758046168,0.5417164998458054,0.6891844967722351,0.45737728884459644,9.247545776891927,0.9499999999999998,0.9351974328728301,0.06480256712716972,0.0,0.0,0.0,0.0,200,200
168,210,788.7866539251589,3.9439332696257945,0.8630909869819253,10031020.782930579,86309098.69819252,1.0526315789472926,0.6587219579720737,0.8514371108111559,0.5608416140736433,-0.2905954967375126,0.5128224824056098,0.6056523574482925,0.7610498087093649,0.4330287712146855,8.760575424293709,0.9499999999999998,0.9034816970278513,0.096518302972149,0.0,0.0,0.0,0.0,200,200
169,211,818.5560262835149,4.092780131417575,0.892953315274174,10420439.836339932,89295331.5274174,1.0526315789472755,0.6689202140226814,0.8452481292284348,0.5822628080933681,-0.2629853211350668,0.5367262191532746,0.5756936402740382,0.6763090154527615,0.4286247737925005,8.672495475850008,0.9499999999999998,0.8910733713688869,0.10892662863111287,0.0,0.0,0.0,0.0,200,200
170,212,549.0280513079626,2.745140256539813,0.666610735280222,6281391.9156371495,66661073.528022215,1.052631578947301,0.6522747937309894,0.8466305328257219,0.5511517521061039,-0.295478780719618,0.5040677522790108,0.646674536681077,0.8076028732175751,0.5312192792604583,10.724385585209163,0.9499999999999998,0.9136721635221844,0.08632783647781536,0.0,0.0,0.0,0.0,200,200
171,213,602.5782157303042,3.012891078651521,0.7029566962332312,7201109.267555973,70295669.62332313,1.0526315789473033,0.6545423572473672,0.8466461916079695,0.5541703466590409,-0.29247584494892864,0.5078192010999981,0.6420963285317837,0.7830414867055027,0.48565822553654286,9.813164510730855,0.95,0.9076580685268567,0.09234193147314328,0.0,0.0,0.0,0.0,200,200
172,214,655.3317676201884,3.2766588381009423,0.7846794347733066,7585596.0332614705,78467943.47733067,1.0526315789473006,0.6585250084308117,0.8485162631525031,0.5608679351831524,-0.2876483279693507,0.514180300325239,0.5942711340078494,0.7389860055532069,0.5174355313300911,10.44871062660182,0.9499999999999998,0.9064061422586949,0.09359385774130492,0.0,0.0,0.0,0.0,200,200
173,215,645.1109620462486,3.225554810231243,0.752773930922716,7707127.002168348,75277393.09227161,1.0526315789472613,0.6569352349045068,0.8507257464079574,0.5610661745361089,-0.28965957187184854,0.5115472803278727,0.6555032706232484,0.7478344515391084,0.48733781836034906,9.846756367206979,0.9499999999999998,0.8825509432937071,0.11744905670629296,0.0,0.0,0.0,0.0,200,200
174,216,787.0918120647086,3.9354590603235433,0.8847930768179997,9739671.947911683,88479307.68179996,1.0526315789472571,0.661366061769391,0.8423723432559479,0.5743844531720038,-0.2679878900839441,0.526784029759815,0.5896817131462353,0.6773445071841796,0.4516999999329637,9.133999998659272,0.9499999999999998,0.8483120099511323,0.15168799004886768,0.0,0.0,0.0,0.0,200,200
175,217,709.3197656490136,3.546598828245068,0.8402528744268875,8262792.159573016,84025287.44268875,1.0526315789472573,0.6672184998249842,0.8435707127409054,0.5762754942101659,-0.26729521853073956,0.5330424611300059,0.48173409353716495,0.6368226139849215,0.508480940132009,10.269618802640178,0.9499999999999998,0.9332922562791617,0.06670774372083828,0.0,0.0,0.0,0.0,200,200
176,218,729.0751914789319,3.645375957394659,0.8268346312276184,8923116.313813608,82683463.12276183,1.052631578947264,0.6639045431339682,0.8408399911481117,0.5733826891603713,-0.2674573019877404,0.529752177744185,0.5383485606902164,0.6829032606932351,0.4630333470732657,9.360666941465313,0.9499999999999998,0.8578544118152821,0.14214558818471762,0.0,0.0,0.0,0.0,200,200
177,219,616.814121558392,3.08407060779196,0.7571048126224617,6914732.228473778,75710481.26224615,1.0526315789472975,0.6720741355273081,0.8579787647728632,0.580412422024648,-0.2775663427482151,0.5325766561964028,0.5604856658823063,0.6497752201576682,0.5432627825296986,10.965255650593969,0.9499999999999998,0.8861818176298969,0.11381818237010297,0.0,0.0,0.0,0.0,200,200
178,220,646.8629417479701,3.2343147087398507,0.7718215469923068,7520684.634250953,77182154.69923067,1.0526315789472902,0.6577147544227031,0.8417375729786221,0.5524516410597672,-0.2892859319188549,0.512692880885512,0.6020444290876336,0.7419293810150556,0.5096105076451677,10.292210152903351,0.9499999999999998,0.8209636461885411,0.17903635381145883,0.0,0.0,0.0,0.0,200,200
179,221,626.138893221044,3.13069446610522,0.8259617845755969,6391834.7327604685,82596178.45755969,1.0526315789473064,0.6747398277123762,0.8559858281428845,0.5771626741899052,-0.2788231539529793,0.5347381369198889,0.5762983110023682,0.70778063186731,0.643839075979009,12.976781519580177,0.9499999999999998,0.8823432168185482,0.11765678318145195,0.0,0.0,0.0,0.0,200,200
180,222,666.5481817769448,3.332740908884724,0.8044634538522054,7621149.854758715,80446345.38522054,1.0526315789473057,0.6636802545515893,0.8466081555499967,0.5703847642812836,-0.2762233912687131,0.5250556390048284,0.5371060366135794,0.6737956524960188,0.5282141330026571,10.66428266005314,0.9499999999999998,0.9070833955128879,0.09291660448711223,0.0,0.0,0.0,0.0,200,200
181,223,734.6562225309801,3.6732811126549008,0.8520902477460679,8762244.277148964,85209024.77460678,1.0526315789472713,0.6659121948449758,0.8425505845380199,0.575289622944467,-0.26726096159355295,0.5316104585147846,0.4849680454129341,0.6795562026818573,0.4891402643953188,9.882805287906374,0.9499999999999998,0.9404181664894762,0.05958183351052391,0.0,0.0,0.0,0.0,200,200
182,224,888.2127236789353,4.441063618394677,0.937221951178937,11648819.970717013,93722195.11789371,1.0526315789472962,0.6752984157607134,0.8463782878157723,0.5886139441345714,-0.25776434368120094,0.5458263542645496,0.5583405953046078,0.6452186868104265,0.4009968911340366,8.11993782268073,0.9499999999999998,0.9185405043256621,0.08145949567433787,0.0,0.0,0.0,0.0,200,200
183,225,861.9260715617465,4.309630357808732,0.9821933428742352,10475295.45689982,98219334.28742352,1.0526315789473049,0.6785102605069271,0.8477858102716187,0.5919372448596413,-0.2558485654119774,0.5501059797554179,0.5066432297379903,0.6533260966149789,0.46818555796501826,9.463711159300363,0.9499999999999998,0.9382833844979893,0.061716615502010706,0.0,0.0,0.0,0.0,200,200
184,226,719.9881640605547,3.5999408203027734,0.8305801434489688,8632818.012689423,83058014.34489687,1.0526315789472969,0.6733621364609101,0.8433214605060539,0.580663248844544,-0.26265821166150993,0.5415857836230338,0.4903142056314745,0.6349362139960651,0.4825774547704605,9.751549095409207,0.9499999999999998,0.9176900086965288,0.08230999130347094,0.0,0.0,0.0,0.0,200,200
185,227,674.0153773954137,3.3700768869770683,0.7992618283285942,7882809.147999724,79926182.8328594,1.0526315789473084,0.661341643631795,0.8582609950740527,0.5697232155358601,-0.2885377795381926,0.5164932800259544,0.5886474490923481,0.6432244736716544,0.505788999737615,10.2157799947523,0.9499999999999998,0.9498276253496079,0.05017237465039182,0.0,0.0,0.0,0.0,200,200
186,228,814.8114592176465,4.074057296088233,0.9246474696713236,9956887.163437596,92464746.96713236,1.052631578947264,0.6661301372198267,0.8434354701368099,0.577967111808811,-0.26546835832799887,0.5328581392042757,0.5154270462134286,0.5865434178136186,0.46606508426612353,9.421301685322467,0.9499999999999998,0.9174153892604971,0.08258461073950317,0.0,0.0,0.0,0.0,200,200
187,229,614.9010225197592,3.074505112598796,0.7335046353690896,7155336.294521045,73350463.53690895,1.0526315789472878,0.6626731249936314,0.8532706782542503,0.5654279639491033,-0.28784271430514696,0.5183919200167074,0.6201411600795981,0.72839267041477,0.5097641612817061,10.295283225634119,0.9499999999999998,0.852894695899891,0.147105304100109,0.0,0.0,0.0,0.0,200,200
188,230,673.4716845209765,3.3673584226048825,0.8462921827501113,7341616.516822925,84629218.27501112,1.052631578947314,0.6598779240877835,0.8438848210509725,0.5724476003899814,-0.2714372206609911,0.5235825163491319,0.5591160206604561,0.6859355468536381,0.577606232845341,11.652124656906814,0.9499999999999998,0.9446359388731961,0.05536406112680366,0.0,0.0,0.0,0.0,200,200
189,231,636.0802551971378,3.1804012759856892,0.6401675720101524,8730392.829805624,64016757.20101524,1.052631578947273,0.6495058001887858,0.8434995223979598,0.5455498315785146,-0.2979496908194452,0.5003075301453558,0.6405566498657385,0.7831826182624775,0.36635087375731745,7.427017475146348,0.9499999999999998,0.8242271478327854,0.17577285216721478,0.0,0.0,0.0,0.0,200,200
190,232,791.0062253553741,3.9550311267768707,0.931281115735441,9271926.936435914,93128111.57354409,1.0526315789472735,0.6763731753938618,0.8494666739881014,0.5858523787668779,-0.2636142952212235,0.5440457204556687,0.479413899530702,0.5895928429395978,0.5000036720362768,10.100073440725534,0.9499999999999998,0.9185353077551243,0.08146469224487603,0.0,0.0,0.0,0.0,200,200
191,233,655.1004924746705,3.275502462373353,0.6985628609472289,8548114.84998424,69856286.09472288,1.0526315789472327,0.6562036311969236,0.8471156519406101,0.5525032750803771,-0.294612376860233,0.5085749674750137,0.6359018212775132,0.7822538156903585,0.4051747360841837,8.203494721683672,0.9499999999999998,0.8518565323338941,0.1481434676661057,0.0,0.0,0.0,0.0,200,200
192,234,778.1325245493211,3.8906626227466057,0.8525818805945446,9882488.529134396,85258188.05945449,1.0526315789472755,0.6605611389966566,0.850750887350056,0.565922504258846,-0.28482838309120995,0.5177407567913681,0.6041144883475201,0.6853902521629018,0.4432069356946886,8.964138713893771,0.9499999999999998,0.9255253807965906,0.07447461920340925,0.0,0.0,0.0,0.0,200,200
193,235,689.6641218807979,3.4483206094039893,0.7978665220475216,8266189.562667056,79786652.20475216,1.0526315789472995,0.6662246529298252,0.8530398106910644,0.5745557008740714,-0.278484109816993,0.5264863842486787,0.5414696570667217,0.6531590039603032,0.4835549971602158,9.771099943204314,0.9499999999999998,0.9154475337427778,0.08455246625722258,0.0,0.0,0.0,0.0,200,200
194,236,674.0980405042118,3.370490202521059,0.8171517375534719,7701821.044770729,81715173.75534719,1.0526315789473069,0.6621970426587128,0.8535043695948522,0.562000771625969,-0.29150359796888325,0.5158219378048122,0.6333344458634367,0.7411574856924482,0.527123582516615,10.642471650332295,0.9499999999999998,0.8726905555654275,0.12730944443457237,0.0,0.0,0.0,0.0,200,200
195,237,685.6361467944057,3.4281807339720287,0.7956443847167389,8218254.377159344,79564438.4716739,1.0526315789472889,0.6657569517083414,0.8507273139478653,0.5719861870631334,-0.27874112688473185,0.5258222942321447,0.6203890497976018,0.724295965717354,0.4821656068019656,9.743312136039311,0.9499999999999998,0.8623564591403431,0.13764354085965702,0.0,0.0,0.0,0.0,200,200
196,238,817.7412997173903,4.0887064985869515,0.867455330591068,10704584.130583284,86745533.05910683,1.0526315789472975,0.6581556398233371,0.8499800560015848,0.5645188259320919,-0.28546123006949287,0.5151016305804096,0.6126922345485992,0.6825687797769833,0.405840397182379,8.21680794364758,0.9499999999999998,0.9093334003167775,0.09066659968322256,0.0,0.0,0.0,0.0,200,200
197,239,649.0026997076252,3.245013498538126,0.8249308138114756,6971677.169829471,82493081.38114756,1.0526315789473049,0.6697101778035605,0.846246478434951,0.5772243805774614,-0.26902209785748965,0.5347562692072085,0.5792990434507799,0.7480960248944709,0.5895181017726354,11.890362035452705,0.9499999999999998,0.90465582686928,0.09534417313072009,0.0,0.0,0.0,0.0,200,200
198,240,731.8809819637032,3.659404909818516,0.8541105264589086,8688686.248555558,85411052.64589086,1.0526315789473009,0.672219145782314,0.8449705209501113,0.590076621842859,-0.25489389910725224,0.5442543809251665,0.5502905962865325,0.6180708617180037,0.49214324047298574,9.942864809459714,0.9499999999999998,0.8555881491370999,0.14441185086290023,0.0,0.0,0.0,0.0,200,200
199,241,822.4596813629265,4.112298406814633,0.8244117839848683,11267819.804133654,82441178.39848682,1.052631578947237,0.6711557921209267,0.8483331992424118,0.5849584012487987,-0.2633747979936131,0.5388075474888813,0.5475966077529015,0.652774037164191,0.3633329719299291,7.36665943859858,0.9499999999999998,0.8796708417288324,0.12032915827116758,0.0,0.0,0.0,0.0,200,200
200,242,730.7744508549728,3.653872254274864,0.7993892393195375,9276413.627333438,79938923.93195373,1.0526315789472278,0.6631558892457643,0.848367816184591,0.5626060636104624,-0.2857617525741286,0.51987304312379,0.5558091123341155,0.6926941961368354,0.4319425012221909,8.738850024443815,0.95,0.8465959727233071,0.15340402727669272,0.0,0.0,0.0,0.0,200,200
201,243,779.9934430299695,3.8999672151498475,0.7727705880775062,10835633.67491506,77277058.80775063,1.0526315789472358,0.6548998268862101,0.8513959679647124,0.552749015354925,-0.29864695260978735,0.5053098703639225,0.6545134857920477,0.7741965737730838,0.35537573562855684,7.207514712571136,0.9499999999999998,0.8197654555065887,0.18023454449341123,0.0,0.0,0.0,0.0,200,200
202,244,622.2019450783209,3.1110097253916047,0.7504052978152204,7161463.60274329,75040529.78152205,1.052631578947315,0.6538206482700468,0.8504612507333423,0.553048983467477,-0.29741226726586534,0.5047959107722696,0.6344999053432937,0.8105402347817947,0.5234163023298462,10.568326046596919,0.9499999999999998,0.9009527377185479,0.09904726228145211,0.0,0.0,0.0,0.0,200,200
203,245,574.8077695587849,2.8740388477939245,0.6666285214288022,6901046.426664252,66662852.14288021,1.052631578947291,0.6499278643887376,0.8437541866072082,0.5590873556058304,-0.2846668310013778,0.507225249529349,0.5933627521741198,0.7162490231465994,0.47980845681477513,9.6961691362955,0.9499999999999998,0.9131041930056054,0.08689580699439457,0.0,0.0,0.0,0.0,200,200
204,246,722.3308976184189,3.6116544880920944,0.8203070834514259,8834079.84106373,82030708.34514259,1.0526315789472958,0.6600605736341604,0.8442492136327617,0.5693177019775909,-0.2749315116551708,0.5220600044146819,0.547243940311703,0.6793436695701478,0.46383445317670335,9.376689063534066,0.9499999999999998,0.9272793649171936,0.07272063508280646,0.0,0.0,0.0,0.0,200,200
205,247,718.3807439790655,3.5919037198953276,0.7799291019461287,9200817.300389512,77992910.19461286,1.0526315789473133,0.6594294190594344,0.8478475270580365,0.5586710077202067,-0.28917651933782973,0.514427995265333,0.5944083133498862,0.7529970207089609,0.42531948003816067,8.606389600763212,0.9499999999999998,0.9281755844959753,0.07182441550402455,0.0,0.0,0.0,0.0,200,200
206,248,694.1995905590618,3.470997952795309,0.7777572992069096,8639848.605758741,77775729.92069097,1.052631578947311,0.6475186985064184,0.8391764688346959,0.5531288151203133,-0.28604765371438257,0.5039395941978106,0.6126105698934213,0.7696116580250163,0.4508575685706164,9.117151371412326,0.9499999999999998,0.9198751872791192,0.08012481272088094,0.0,0.0,0.0,0.0,200,200
207,249,888.7468937745472,4.443734468872736,0.9712999748291188,11259139.559026785,97129997.48291187,1.0526315789472898,0.6725545062444942,0.8454697307058157,0.586341267935415,-0.2591284627704007,0.54257968140105,0.4825008620832374,0.6470651011400126,0.43317380623751517,8.763476124750303,0.9499999999999998,0.9393213668966616,0.060678633103338556,0.0,0.0,0.0,0.0,200,200
208,250,653.1355989717515,3.2656779948587573,0.7539423215757375,7877305.013894222,75394232.15757376,1.0526315789473029,0.658181041717914,0.8415052681494343,0.5603749056665315,-0.2811303624829028,0.5175818665213717,0.6127839409766968,0.7631300374481753,0.4781164161976194,9.662328323952385,0.9499999999999998,0.8593132640951281,0.14068673590487227,0.0,0.0,0.0,0.0,200,200
209,251,768.1663779855172,3.840831889927586,0.8522411204020264,9627500.93475282,85224112.04020265,1.052631578947255,0.6667433093277617,0.8488371390845544,0.5773403477112822,-0.2714967913732722,0.5303685357329074,0.5908160110887051,0.6654799944780648,0.44091470846442826,8.918294169288563,0.9499999999999998,0.8277745522856682,0.1722254477143315,0.0,0.0,0.0,0.0,200,200
210,252,725.1559601287096,3.625779800643548,0.7876698405784904,9254883.647922924,78766984.05784905,1.0526315789472913,0.6665933780563239,0.8440296549438611,0.572431384295421,-0.2715982706484401,0.5305139505500494,0.5293705688422259,0.7001489650070024,0.42498943883181345,8.599788776636267,0.9499999999999998,0.8969910085107727,0.10300899148922699,0.0,0.0,0.0,0.0,200,200
211,253,645.2945459520305,3.2264727297601525,0.8146412354111732,6988162.655049472,81464123.54111733,1.0526315789472955,0.6670875121880496,0.8478167250373423,0.5710543372056791,-0.2767623878316632,0.5283835664545612,0.5554891114351114,0.7651936222480478,0.588045498564723,11.860909971294456,0.9499999999999998,0.885218245501448,0.11478175449855187,0.0,0.0,0.0,0.0,200,200
212,254,752.9616299986515,3.7648081499932573,0.9108195380874726,8579902.34769254,91081953.80874725,1.0526315789472853,0.6654478564906177,0.845773384731598,0.5897893133067654,-0.2559840714248326,0.5370290807994164,0.5255142807919045,0.6126534438256853,0.5305914375060893,10.711828750121784,0.9499999999999998,0.895595788408217,0.10440421159178344,0.0,0.0,0.0,0.0,200,200
213,255,657.8366005315736,3.289183002657868,0.8577809427111397,6822807.207438405,85778094.27111396,1.0526315789472995,0.6635440370468735,0.8306328771010826,0.5835722210364885,-0.24706065606459404,0.5393230970285224,0.5489735023148535,0.6626949642066502,0.628784820929366,12.675696418587318,0.9499999999999998,0.8966734000711442,0.10332659992885558,0.0,0.0,0.0,0.0,200,200
214,256,625.756109947964,3.12878054973982,0.793381616351711,6748843.266732501,79338161.63517109,1.0526315789473102,0.6650507658545292,0.8602683499930801,0.5812036534853952,-0.27906469650768495,0.5249302205216578,0.5817779650329709,0.6940639283300762,0.5829453939841878,11.758907879683754,0.9499999999999998,0.9032931807595779,0.09670681924042192,0.0,0.0,0.0,0.0,200,200
215,257,696.8091117671245,3.4840455588356223,0.8708768356365293,7616299.851319882,87087683.56365293,1.0526315789472906,0.6755589312206421,0.8504888171208543,0.580692529342668,-0.2697962877781863,0.5400746171822494,0.5035988610086166,0.6636259393334116,0.5710786060191313,11.52157212038262,0.9499999999999998,0.919190426392804,0.08080957360719608,0.0,0.0,0.0,0.0,200,200
216,258,692.935150397528,3.46467575198764,0.82650194421474,8046165.039032707,82650194.421474,1.0526315789472962,0.6577809474175949,0.8404037048324877,0.5662151940134514,-0.2741885108190363,0.5202924598602299,0.5682995632004519,0.6689456819906918,0.5144641910171595,10.389283820343188,0.9499999999999998,0.8706724060545996,0.12932759394540042,0.0,0.0,0.0,0.0,200,200
217,259,814.1514072890341,4.07075703644517,0.8437807273166189,10839445.027979204,84378072.73166187,1.0526315789472473,0.6733682197425835,0.8423477074284008,0.5875872997484619,-0.2547604076799389,0.5452776633629426,0.5332952123406429,0.6029789079356342,0.38945964367407576,7.889192873481514,0.9499999999999998,0.8494519547027634,0.15054804529723673,0.0,0.0,0.0,0.0,200,200
218,260,655.7417468783193,3.2787087343915964,0.816523090785476,7234428.090095924,81652309.07854761,1.0526315789473228,0.6650341116947541,0.8463721313614785,0.5746934207903409,-0.27167871057113757,0.5287339232967577,0.5800661062433449,0.650091060282136,0.5622216751369706,11.34443350273941,0.9499999999999998,0.9189784216475019,0.08102157835249814,0.0,0.0,0.0,0.0,200,200
219,261,631.9910337237095,3.1599551686185476,0.75599038113023,7318055.395685706,75599038.113023,1.0526315789473029,0.6624619139836733,0.8458048114025646,0.5640865759212464,-0.28171823548131814,0.5213095577181606,0.5851845479225611,0.7237320153526572,0.5132686222313387,10.365372444626772,0.95,0.8984695762233568,0.10153042377664331,0.0,0.0,0.0,0.0,200,200
220,262,792.8129976425413,3.9640649882127064,0.8606087605046951,10167356.999932863,86060876.05046952,1.0526315789472909,0.6581822130595313,0.8437518317789754,0.5529501764968096,-0.29080165528216584,0.5122822220578505,0.6321363587944887,0.7703164034033942,0.4202178674821443,8.504357349642884,0.9499999999999998,0.8686011168726254,0.13139888312737444,0.0,0.0,0.0,0.0,200,200
221,263,689.3225622744209,3.446612811372104,0.8853476364604589,7313683.395755988,88534763.64604588,1.0526315789473222,0.6632352201751153,0.8523957417781178,0.5793633152530255,-0.2730324265250923,0.5263143063079506,0.59704508919157,0.651349449136752,0.6069957548194506,12.23991509638901,0.9499999999999998,0.9541367165589604,0.04586328344103957,0.0,0.0,0.0,0.0,200,200
222,264,844.3596433309033,4.221798216654516,1.0171665538567884,9654101.403213471,101716655.38567886,1.0526315789472873,0.6778536167364219,0.8430719185287547,0.6045880803913001,-0.23848383813745466,0.5579305863148444,0.5139506284937476,0.612380581643477,0.524239143589628,10.584782871792557,0.9499999999999998,0.899121955377126,0.10087804462287371,0.0,0.0,0.0,0.0,200,200
223,265,798.498194454249,3.992490972271245,0.8493727005936349,10416795.721067224,84937270.05936348,1.052631578947245,0.6623423778215419,0.849172613811015,0.5743690618102957,-0.2748035520007194,0.5244943463204854,0.5917718053279303,0.6882096430587676,0.408161271409881,8.263225428197618,0.9499999999999998,0.8768732115317376,0.12312678846826258,0.0,0.0,0.0,0.0,200,200
224,266,679.9165437194112,3.3995827185970557,0.8492413512010303,7454930.388263397,84924135.12010303,1.052631578947292,0.6696084197817288,0.8487235004539855,0.5725657478217374,-0.27615775263224807,0.5311200596435174,0.5394548911160851,0.667342767684137,0.5745310871537586,11.590621743075168,0.9499999999999998,0.8865981138172481,0.11340188618275199,0.0,0.0,0.0,0.0,200,200
225,267,785.4985178267577,3.927492589133789,0.8862521806713692,9630478.773615409,88625218.06713691,1.0526315789472684,0.6752814632526247,0.8417162099903741,0.5877831277609139,-0.2539330822294602,0.5478828883556921,0.4642895890083142,0.6066114126666338,0.46112783093324466,9.322556618664892,0.9499999999999998,0.8537717250845026,0.1462282749154973,0.0,0.0,0.0,0.0,200,200
226,268,719.8873996131889,3.5994369980659444,0.7985013852628535,9010925.34167177,79850138.52628535,1.0526315789472833,0.6635723742208396,0.8446386886342985,0.5723719819338338,-0.2722667067004647,0.5271090151149028,0.5425333507625429,0.6633580379613357,0.4432288970900772,8.964577941801542,0.9499999999999998,0.8801760304182834,0.11982396958171669,0.0,0.0,0.0,0.0,200,200
227,269,556.5397149099934,2.782698574549967,0.5844360477792382,7405850.592475183,58443604.777923815,1.0526315789473129,0.642551050351536,0.8443813953269389,0.5361523939337809,-0.308229001393158,0.48788643176337987,0.7196891834153222,0.865151488508989,0.39336130915164175,7.967226183032833,0.95,0.840296808017594,0.15970319198240626,0.0,0.0,0.0,0.0,200,200
228,270,714.7422506817563,3.573711253408782,0.763536158668459,9303183.19125487,76353615.86684589,1.05263157894725,0.6518000274170732,0.8383618439006069,0.5555717450228566,-0.2827900988777503,0.5100185678844136,0.6102637417967982,0.7291268567157749,0.4096690145840985,8.293380291681967,0.9499999999999998,0.7943813765085369,0.20561862349146307,0.0,0.0,0.0,0.0,200,200
229,271,634.5638734091062,3.1728193670455314,0.7551558671969592,7390518.946195118,75515586.71969593,1.0526315789472875,0.661206729484326,0.8412131016167228,0.564453936788569,-0.27675916482815377,0.5223637954857838,0.5804157889006374,0.7051095221488713,0.5098927399458953,10.297854798917905,0.9499999999999998,0.8548014450730611,0.1451985549269392,0.0,0.0,0.0,0.0,200,200
230,272,741.3858278821087,3.7069291394105437,0.8530627477135585,8946872.30988662,85306274.77135584,1.0526315789473117,0.6636501709512288,0.8487102600157457,0.5740996986445414,-0.2746105613712043,0.5259716266391019,0.5634800635043142,0.7238409356032743,0.4767118960997249,9.634237921994497,0.9499999999999998,0.9036600621879495,0.09633993781205043,0.0,0.0,0.0,0.0,200,200
231,273,739.0797226462994,3.695398613231497,0.8615223491538955,8785822.51991026,86152234.91538955,1.0526315789472558,0.6711181608199438,0.8460387483591039,0.5812786696726124,-0.26476007868649143,0.5383379449255759,0.5505850026827495,0.6504227217188896,0.4894609617273964,9.889219234547925,0.9499999999999998,0.8483477422183747,0.151652257781625,0.0,0.0,0.0,0.0,200,200
232,274,617.19748619291,3.08598743096455,0.7055636090211841,7534990.483820519,70556360.90211843,1.0526315789472733,0.6521739531583765,0.8563552968512678,0.5489624292383815,-0.3073928676128863,0.4980155713902732,0.6375250273214873,0.7650931070394986,0.4690803873777732,9.481607747555461,0.9499999999999998,0.8432482758804157,0.15675172411958438,0.0,0.0,0.0,0.0,200,200
233,275,677.7257385579873,3.3886286927899363,0.726470648923235,8783361.366016082,72647064.8923235,1.0526315789472824,0.6566040088451487,0.8452903729036242,0.5599243536312188,-0.28536601927240535,0.5134064482896507,0.582430063825074,0.7644540107432543,0.42261311163374926,8.552262232674982,0.9499999999999998,0.8823900210851872,0.11760997891481285,0.0,0.0,0.0,0.0,200,200
234,276,702.8622198530165,3.5143110992650826,0.8055485168275318,8557323.559513304,80554851.68275318,1.052631578947271,0.6556712315103563,0.845138767108012,0.5539544324670481,-0.2911843346409638,0.5096260333623406,0.6612883469127376,0.7917583322931561,0.4683585180005539,9.467170360011075,0.9499999999999998,0.88632009098662,0.11367990901338025,0.0,0.0,0.0,0.0,200,200
235,277,872.3528605308838,4.361764302654419,1.0466116329743067,10019932.997682571,104661163.29743066,1.0526315789473113,0.6780677591139169,0.8444907572300846,0.5918294638985137,-0.25266129333157095,0.5512480342494304,0.5078764955093655,0.5932857914515961,0.5209726507844753,10.519453015689503,0.9499999999999998,0.9389827046976555,0.06101729530234448,0.0,0.0,0.0,0.0,200,200
236,278,583.9874938592981,2.9199374692964906,0.7380164589395685,6337548.553406456,73801645.89395685,1.0526315789473273,0.6583836780707588,0.8339658901087781,0.5736255669580811,-0.260340323150697,0.5275413228185333,0.5968091256218554,0.7046955631696227,0.581934097356956,11.738681947139119,0.9499999999999998,0.8940519151809342,0.10594808481906622,0.0,0.0,0.0,0.0,200,200
237,279,691.5691992017419,3.457845996008709,0.8483258651836668,7784277.985903374,84832586.5183667,1.052631578947293,0.6615834958290461,0.8363696887715815,0.5720095763839804,-0.26436011238760104,0.5291324463151663,0.614425539668979,0.7660074294879188,0.5445581831280287,10.991163662560574,0.9499999999999998,0.8935361139357192,0.1064638860642808,0.0,0.0,0.0,0.0,200,200
238,280,588.0533956064247,2.9402669780321236,0.6957222059303987,6905944.359797839,69572220.59303987,1.0526315789473266,0.6644052333502227,0.8566296420507948,0.5592625201925436,-0.2973671218582512,0.5153264427707596,0.6182531954580361,0.7448894040699445,0.5009777984787943,10.119555969575883,0.9499999999999998,0.8533400644365132,0.14665993556348675,0.0,0.0,0.0,0.0,200,200
239,281,637.2964159023959,3.1864820795119795,0.628549249512056,8888441.367153857,62854924.951205604,1.052631578947283,0.6493362522332053,0.8458723099231718,0.5466090390312446,-0.29926327089192717,0.4992632871597094,0.6368344333144113,0.7556968480626329,0.3537481323427346,7.174962646854691,0.9499999999999998,0.8734432254518103,0.12655677454818953,0.0,0.0,0.0,0.0,200,200
240,282,727.3533723899086,3.636766861949543,0.833107534119113,8834360.44396839,83310753.41191128,1.0526315789473146,0.6570498307657399,0.8411325461002539,0.5624819615969074,-0.27865058450334645,0.517298259764717,0.5912022044669218,0.715582777099828,0.47097785704275885,9.519557140855175,0.9499999999999998,0.9614257987787197,0.03857420122128047,0.0,0.0,0.0,0.0,200,200
241,283,748.9095369926066,3.744547684963033,0.8084081930117639,9646980.413164673,80840819.3011764,1.0526315789472889,0.6629174659829844,0.8489547673553423,0.5710859627655648,-0.2778688045897775,0.5234590707303846,0.6154186278587531,0.7026070084246763,0.41614269425984823,8.422853885196963,0.9499999999999998,0.8540704269283788,0.14592957307162127,0.0,0.0,0.0,0.0,200,200
242,284,699.1130819906559,3.49556540995328,0.8292613188132281,8178154.964017697,82926131.88132282,1.0526315789472644,0.6607757083396044,0.8395453781018624,0.5758547712759018,-0.26369060682596057,0.5286477011338142,0.6037546493376127,0.6995631674833603,0.5041206114596425,10.182412229192849,0.9499999999999998,0.8586348440070583,0.1413651559929418,0.0,0.0,0.0,0.0,200,200
243,285,759.8614074847238,3.799307037423619,0.9268646501453324,8611973.191071201,92686465.01453325,1.052631578947321,0.6605858648053445,0.8545002967005848,0.5610460329312351,-0.2934542637693497,0.5134761061865384,0.6270095670946698,0.7662847949934141,0.5360559308672964,10.821118617345926,0.9499999999999998,0.8914553450791547,0.1085446549208453,0.0,0.0,0.0,0.0,200,200
244,286,664.3020435765898,3.321510217882949,0.7571008914685183,8123981.92942628,75710089.14685182,1.0526315789473184,0.6535619226792682,0.8396162480886217,0.5577860728597058,-0.28183017522891585,0.5123553280003853,0.6151756594799754,0.743948006020071,0.4697511040282479,9.495022080564956,0.9499999999999998,0.9710086576431018,0.028991342356898247,0.0,0.0,0.0,0.0,200,200
245,287,649.1179952859835,3.2455899764299176,0.7291034443330724,8042882.923060493,72910344.43330725,1.0526315789472427,0.6645070841467009,0.8522751746656516,0.5615898135992492,-0.2906853610664024,0.5188214234688965,0.5994705370526772,0.7941646108804343,0.4511775242300755,9.123550484601507,0.9499999999999998,0.8644087982004529,0.13559120179954712,0.0,0.0,0.0,0.0,200,200
246,288,742.4824747683843,3.712412373841922,0.8386914797397754,9128521.09165673,83869147.97397755,1.0526315789472764,0.6682689760888667,0.8454450343390587,0.5708896845032486,-0.2745553498358101,0.5307136932589995,0.5592019641109078,0.6602295940438834,0.46016460331186676,9.303292066237335,0.9499999999999998,0.8429569082633295,0.15704309173667053,0.0,0.0,0.0,0.0,200,200
247,289,760.0162863507503,3.8000814317537515,0.9012667095559214,8861436.644882234,90126670.95559214,1.0526315789473124,0.6735983596176971,0.8428901932112198,0.5925535275192501,-0.2503366656919698,0.5479023851835751,0.5442808826776367,0.6512170733215197,0.5123040082665539,10.346080165331076,0.9499999999999998,0.8833343738122772,0.11666562618772257,0.0,0.0,0.0,0.0,200,200
248,290,741.3524358126587,3.7067621790632934,0.8328760608049869,9185164.512391973,83287606.0804987,1.0526315789473235,0.6623529091429637,0.8485244678042662,0.5622663626435902,-0.28625810516067596,0.5188311486569497,0.6062086346714703,0.7498059530567365,0.45050735651751894,9.110147130350377,0.9499999999999998,0.9469763231142814,0.053023676885718754,0.0,0.0,0.0,0.0,200,200
249,291,642.2700675299429,3.211350337649715,0.7657132444751501,7465711.913910943,76571324.447515,1.0526315789472953,0.6608657334675143,0.8448751456213911,0.5627983381693287,-0.28207680745206243,0.5195196536772205,0.5822152106720824,0.7583068106797984,0.5126288885557551,10.352577771115097,0.9499999999999998,0.8852492025701503,0.11475079742984999,0.0,0.0,0.0,0.0,200,200
250,292,464.50154176786634,2.3225077088393316,0.5888059270804576,5079615.433275654,58880592.708045766,1.052631578947325,0.6451190302456701,0.8515930204453559,0.5420299164557553,-0.30956310398960063,0.48997201807783236,0.7160543080001548,0.8119415017853868,0.573868418998758,11.577368379975157,0.9499999999999998,0.9004677880010644,0.09953221199893578,0.0,0.0,0.0,0.0,200,200
251,293,718.3952284224978,3.5919761421124887,0.8269964304601533,8664080.153672516,82699643.04601532,1.0526315789473026,0.6655094142636995,0.8462351954322862,0.5654477221671629,-0.2807874732651233,0.524777806277379,0.5639227390197266,0.8005678427048462,0.4763841475383742,9.627682950767483,0.9499999999999998,0.9530465568612533,0.046953443138746616,0.0,0.0,0.0,0.0,200,200
252,294,836.2819638277981,4.181409819138991,0.9228154990143898,10564214.401533648,92281549.90143898,1.0526315789473144,0.6583961845901446,0.8563838594799916,0.5555229598017769,-0.3008608996782147,0.5075984843758569,0.6526588764977882,0.7773067337936699,0.43963064581622535,8.892612916324504,0.9499999999999998,0.9215526973796722,0.07844730262032802,0.0,0.0,0.0,0.0,200,200
253,295,875.1181539729091,4.375590769864545,0.9164483802966523,11563835.096532423,91644838.02966525,1.0526315789473037,0.6644065355334163,0.8403216026272977,0.5743413805619159,-0.26598022206538185,0.5309909606324046,0.561856611781247,0.6701136066031522,0.3960453135919124,8.020906271838248,0.9499999999999998,0.928338037268137,0.07166196273186308,0.0,0.0,0.0,0.0,200,200
254,296,658.4840431351812,3.292420215675906,0.7588674373453834,7953008.785907965,75886743.73453833,1.0526315789473122,0.6527493633032345,0.8354140293357004,0.5540514902639667,-0.2813625390717337,0.5117428206881052,0.5937133926534017,0.7478692043338044,0.47811038971395464,9.662207794279091,0.9499999999999998,0.8653977705911972,0.13460222940880295,0.0,0.0,0.0,0.0,200,200
255,297,643.5586468408354,3.2177932342041773,0.7902155880301934,7215864.698584922,79021558.80301934,1.0526315789473053,0.6640389766404934,0.852712314484249,0.5715202785423743,-0.2811920359418747,0.5230075345831549,0.555903541424369,0.6470072369066205,0.5471640391677647,11.043280783355293,0.9499999999999998,0.9478875245842547,0.05211247541574516,0.0,0.0,0.0,0.0,200,200
256,298,591.5622938433925,2.957811469216962,0.7246920912763852,6687150.5887754895,72469209.12763853,1.0526315789472787,0.6524670318125944,0.8357691674369029,0.5569708441451839,-0.27879832329171894,0.5126662398623983,0.6320956353390147,0.7670302015269232,0.5386000428999614,10.872000857999225,0.9499999999999998,0.8893234530675699,0.11067654693243022,0.0,0.0,0.0,0.0,200,200
257,299,732.0433259881386,3.660216629940693,0.7842299878454159,9517031.080181614,78422998.78454159,1.0526315789472958,0.6524643428254933,0.8504245604971162,0.5529343202161917,-0.2974902402809245,0.503325980345875,0.6512192120333647,0.790195492846003,0.4113573506239335,8.327147012478669,0.9499999999999998,0.9153621777044865,0.08463782229551339,0.0,0.0,0.0,0.0,200,200
258,300,662.5617724997059,3.3128088624985295,0.7212425892975262,8469729.16314352,72124258.92975262,1.0526315789473137,0.657058572913999,0.8402920876586863,0.5575279475241108,-0.2827641401345755,0.5152499353861443,0.6009751486670273,0.7273350972526065,0.426002684400366,8.620053688007317,0.9499999999999998,0.9442928544629727,0.055707145537027276,0.0,0.0,0.0,0.0,200,200
259,301,646.4518162832904,3.2322590814164522,0.7440402659440316,7835534.415445503,74404026.59440318,1.052631578947291,0.6512342526305426,0.8408414293119298,0.5517310229149053,-0.28911040639702457,0.5064112486005528,0.6398320036813082,0.7854630175959315,0.4729670606984254,9.559341213968507,0.9499999999999998,0.8697888525634514,0.1302111474365488,0.0,0.0,0.0,0.0,200,200
260,302,531.9262923188749,2.6596314615943744,0.6336341715464063,6227690.975066197,63363417.15464063,1.0526315789472807,0.6522239022355418,0.8477527431565555,0.5497312890016433,-0.2980214541549122,0.5029364333950039,0.6666987186349631,0.7887207064405103,0.503249966869742,10.164999337394836,0.9499999999999998,0.8140364266776365,0.18596357332236368,0.0,0.0,0.0,0.0,200,200
261,303,579.7473822599509,2.8987369112997543,0.6860189803335356,6827550.176575067,68601898.03335357,1.0526315789473089,0.647184358358048,0.8370422895344847,0.5495594669735465,-0.28748282256093816,0.5030641109649402,0.6372886608484609,0.779314023364856,0.5045900417520461,10.191800835040919,0.9499999999999998,0.8916771962041321,0.1083228037958677,0.0,0.0,0.0,0.0,200,200
262,304,645.7917304471556,3.228958652235778,0.7687926304480734,7524847.715353828,76879263.04480734,1.05263157894731,0.6630917006125597,0.8510122862790077,0.566959541031142,-0.2840527452478657,0.520590904179313,0.6044413313862911,0.7407994075268965,0.510107701319248,10.302154026384956,0.9499999999999998,0.8940551279099247,0.105944872090075,0.0,0.0,0.0,0.0,200,200
263,305,698.9890197955277,3.4949450989776385,0.8113654920583392,8370750.293424943,81136549.20583391,1.0526315789472716,0.6640599875076731,0.850428669249782,0.5715200322327906,-0.2789086370169914,0.5241058562133004,0.6036194501109331,0.6810775872522318,0.4830528549203046,9.761057098406088,0.9499999999999998,0.8814277694102575,0.11857223058974252,0.0,0.0,0.0,0.0,200,200
264,306,786.2352703500173,3.9311763517500866,0.9538353034406616,8943495.982274173,95383530.34406616,1.0526315789473115,0.6663352719124803,0.8448974311700412,0.5737871933609646,-0.2711102378090766,0.5301686516455368,0.5714190644010406,0.6680933716543908,0.5321897228120906,10.743794456241808,0.9499999999999998,0.8348119996829979,0.165188000317002,0.0,0.0,0.0,0.0,200,200
265,307,795.0356812052428,3.975178406026214,0.887777259333561,9876146.383521272,88777725.93335609,1.0526315789472698,0.6674522296645009,0.8342945983163179,0.581089569466115,-0.2532050288502029,0.5402969421331868,0.5233047264676429,0.6356721994526354,0.4469256030371616,9.03851206074323,0.9499999999999998,0.8750972793046395,0.12490272069536033,0.0,0.0,0.0,0.0,200,200
266,308,676.7640634631742,3.3838203173158714,0.7910367346422427,8035214.602622561,79103673.46422428,1.0526315789472767,0.6627654899408171,0.8454778312941376,0.5645428508086963,-0.2809349804854413,0.5219892477870445,0.5728995028106557,0.6951242627206836,0.49083054078876737,9.916610815775346,0.9499999999999998,0.8540395780781066,0.14596042192189349,0.0,0.0,0.0,0.0,200,200
267,309,717.5581632013559,3.5877908160067795,0.8680735885079804,8200435.816593933,86807358.85079804,1.0526315789473193,0.6676724558556925,0.8570639551960934,0.5776177609719865,-0.2794461942241069,0.5274745885002844,0.602231196336355,0.6600912916854332,0.5271664027447841,10.643328054895681,0.9499999999999998,0.8984476002077174,0.10155239979228256,0.0,0.0,0.0,0.0,200,200
268,310,815.7042004053116,4.078521002026558,0.8388115262264232,10970644.106429838,83881152.62264232,1.0526315789472227,0.6622987286934816,0.8538783010991479,0.5621628487572583,-0.29171545234188956,0.5158875942902157,0.6168434387913798,0.7490971295482496,0.3817210607578636,7.734421215157271,0.9499999999999998,0.8458950801111785,0.15410491988882133,0.0,0.0,0.0,0.0,200,200
269,311,739.2123994080291,3.6960619970401454,0.9231759844507298,8107798.844494001,92317598.44507298,1.0526315789473164,0.6629130702454659,0.8370622250150938,0.5750002309555133,-0.2620619940595804,0.531321318283132,0.5341713698876408,0.6418438583156744,0.5685260185301667,11.470520370603332,0.9499999999999998,0.8997742697488269,0.10022573025117289,0.0,0.0,0.0,0.0,200,200
270,312,762.0468913013863,3.8102344565069313,0.9004366443306941,8948579.335597236,90043664.43306941,1.0526315789472978,0.6540832125427716,0.8394837011703219,0.5640264818168601,-0.2754572193534618,0.5158723565304096,0.5842704291868841,0.6983828154642678,0.5012601756549048,10.125203513098093,0.95,0.9044196493317435,0.09558035066825622,0.0,0.0,0.0,0.0,200,200
271,313,600.6183564065713,3.003091782032856,0.7018786844143647,7172120.094752243,70187868.44143647,1.0526315789473015,0.6488213502162102,0.8335903152712673,0.5521871777117348,-0.2814031375595325,0.5078800832192152,0.651958989587661,0.7787005416445122,0.48676617316833287,9.835323463366656,0.9499999999999998,0.8565631175570977,0.14343688244290256,0.0,0.0,0.0,0.0,200,200
272,314,650.3339775673977,3.2516698878369885,0.8005925047494422,7262078.736410246,80059250.47494422,1.052631578947297,0.6616884134559197,0.8388806803332856,0.5711728324952003,-0.2677078478380852,0.5273500191215743,0.5311605337369985,0.652411665095409,0.550510814676396,11.110216293527918,0.9499999999999998,0.9494007038620045,0.05059929613799553,0.0,0.0,0.0,0.0,200,200
273,315,668.9598573686527,3.3447992868432634,0.7404326293392112,8434617.126644533,74043262.93392111,1.0526315789472998,0.655768357776072,0.8399108966775071,0.555217301159104,-0.2846935955184031,0.5130389353899504,0.6491279164799773,0.7538750241913239,0.445989429265188,9.019788585303758,0.9499999999999998,0.8832692305549729,0.11673076944502686,0.0,0.0,0.0,0.0,200,200
274,316,611.6033812514479,3.0580169062572393,0.6839501527636074,7627978.790831885,68395015.27636074,1.0526315789473235,0.6500926012010834,0.8386465052572243,0.5603162032168603,-0.278330302040364,0.510460016577338,0.6138876404139002,0.6714253877963942,0.4455802654557701,9.011605309115401,0.9499999999999998,0.9525528869833465,0.04744711301665349,0.0,0.0,0.0,0.0,200,200
275,317,679.0377883294138,3.3951889416470693,0.8080049515044236,7930140.1131492425,80800495.15044238,1.052631578947284,0.6673144128398195,0.8569140035771161,0.5707729252473809,-0.28614107832973523,0.523581524734838,0.6584916227221393,0.7453742488849305,0.5069261822565022,10.238523645130043,0.9499999999999998,0.8162672881655846,0.1837327118344154,0.0,0.0,0.0,0.0,200,200
276,318,666.7332957714069,3.3336664788570345,0.7456079042487841,8305466.492514609,74560790.4248784,1.0526315789472571,0.6590841326654475,0.8428448602998972,0.5662151499180194,-0.2766297103818779,0.5202793409119907,0.6121699857274984,0.7456984224965092,0.44717060813944415,9.04341216278888,0.95,0.8715540683127455,0.12844593168725424,0.0,0.0,0.0,0.0,200,200
277,319,672.3239052905607,3.3616195264528033,0.7710908068431993,8148625.145029708,77109080.68431993,1.0526315789472733,0.65679624402841,0.8459729212376568,0.5596607158559724,-0.28631220538168434,0.5132058250049082,0.5686706912553506,0.7566682339779405,0.47090884464757976,9.518176892951594,0.9499999999999998,0.9434616291464343,0.056538370853565396,0.0,0.0,0.0,0.0,200,200
278,320,782.8402740282215,3.914201370141108,0.8357834283505923,10176310.969161533,83578342.83505923,1.0526315789472973,0.6549064449833353,0.8315486303720782,0.5613613472687291,-0.27018728310334905,0.5192823353851818,0.5684855261085177,0.7199603403431339,0.41261744499453923,8.352348899890783,0.9499999999999998,0.9326808643630877,0.06731913563691207,0.0,0.0,0.0,0.0,200,200
279,321,606.6254394793051,3.0331271973965257,0.7229243173193999,7072349.958896883,72292431.73193999,1.0526315789472898,0.6611186153341313,0.8523252442933291,0.5606575564681444,-0.2916676878251847,0.5150973590042678,0.6305348646343277,0.8002562202686786,0.5101787969568177,10.303575939136351,0.9499999999999998,0.8420667736558479,0.15793322634415197,0.0,0.0,0.0,0.0,200,200
280,322,820.8556226908507,4.104278113454254,0.9528212048223699,9788070.900083974,95282120.48223698,1.0526315789473053,0.6590476180155824,0.8303286129327058,0.5839707379126134,-0.24635787502009232,0.5353230460479886,0.48360799776898844,0.5665210753289261,0.48544619854207854,9.808923970841567,0.9499999999999998,0.9434512786031383,0.05654872139686196,0.0,0.0,0.0,0.0,200,200
281,323,746.3534757137213,3.7317673785686067,0.8902434822363249,8634527.757681273,89024348.22363251,1.052631578947222,0.6745649349599105,0.8603093445097112,0.5785233474760105,-0.28178599703370066,0.5331952503593104,0.5175993206995365,0.6925058114147727,0.516533271106222,10.430665422124436,0.9499999999999998,0.8957972053345042,0.10420279466549591,0.0,0.0,0.0,0.0,200,200
282,324,812.453568666051,4.062267843330255,0.9401235068384469,9731014.426514778,94012350.68384469,1.0526315789473104,0.6701993815976968,0.8476545759126303,0.5801332341677854,-0.2675213417448449,0.5356822796103372,0.5382237359861884,0.6699748955586519,0.48104340730780676,9.720868146156134,0.9499999999999998,0.9155864874029248,0.08441351259707497,0.0,0.0,0.0,0.0,200,200
283,325,761.3455472443277,3.8067277362216383,0.8612775097007591,9367919.582939561,86127750.9700759,1.0526315789472946,0.6651316246354705,0.852706915222608,0.565308840006398,-0.28739807521620997,0.5209370209354092,0.6160532615852732,0.8009451126545617,0.4576980487494911,9.25396097498982,0.9499999999999998,0.9296609423445775,0.0703390576554228,0.0,0.0,0.0,0.0,200,200
284,326,703.5612164513477,3.5178060822567385,0.8312417704988451,8277132.183022788,83124177.04988451,1.0526315789472904,0.6590344255655627,0.8488680496392813,0.5624517341271261,-0.2864163155121552,0.5154947176281763,0.6301381306385503,0.7720208284009227,0.5004947685459847,10.109895370919691,0.9499999999999998,0.9086163216073048,0.09138367839269523,0.0,0.0,0.0,0.0,200,200
285,327,652.1152278108593,3.2605761390542964,0.7178680192309289,8247009.299528641,71786801.92309292,1.052631578947318,0.6550467423587688,0.8457461855912918,0.5610465012870125,-0.2846996843042793,0.5122026143830102,0.5938613070172598,0.7061896506236882,0.4357065661891793,8.814131323783583,0.9499999999999998,0.8759930523817215,0.12400694761827864,0.0,0.0,0.0,0.0,200,200
286,328,701.6846813417545,3.5084234067087725,0.7510611874210017,9128759.151187431,75106118.74210018,1.0526315789473053,0.6538457465688112,0.8472428157393151,0.5543476724906503,-0.29289514324866484,0.5069458088930088,0.6478258507935223,0.7764641145448868,0.4098921293437888,8.297842586875774,0.9499999999999998,0.8603820776502173,0.13961792234978268,0.0,0.0,0.0,0.0,200,200
287,329,492.29712024587593,2.4614856012293798,0.571576916575424,5943661.305200997,57157691.6575424,1.0526315789473009,0.6434386510120028,0.843034979014863,0.5368248162150847,-0.3062101627997783,0.49012444873388616,0.6785216028176739,0.7896645618280255,0.48863815765013713,9.87276315300274,0.9499999999999998,0.8828261637120127,0.11717383628798748,0.0,0.0,0.0,0.0,200,200
288,330,689.7106448580791,3.4485532242903956,0.8573872830648938,7619518.089248154,85738728.30648938,1.0526315789472829,0.6657140165002576,0.8455144191794792,0.5773525350028124,-0.26816188417666686,0.5312148320251414,0.5695761586813799,0.6477803034773657,0.5607564686832047,11.315129373664092,0.9499999999999998,0.8779012914486932,0.12209870855130671,0.0,0.0,0.0,0.0,200,200
289,331,817.1654420405581,4.08582721020279,0.8061432438893229,11366762.127929682,80614324.38893229,1.0526315789472838,0.6614000602121523,0.8452770312456357,0.5666422469551717,-0.27863478429046395,0.5215630840145313,0.603998848793211,0.6759238038639447,0.35454514265040776,7.190902853008155,0.9499999999999998,0.9243871059312494,0.07561289406875062,0.0,0.0,0.0,0.0,200,200
290,332,703.4910707838217,3.5174553539191082,0.8361574657660134,8205076.853676012,83615746.57660133,1.0526315789472993,0.6592333494211008,0.8439299759612844,0.5721353575185659,-0.27179461844271846,0.5229029953283492,0.5831912710589168,0.6597418100521956,0.5112740266763321,10.32548053352664,0.9499999999999998,0.8855141566033673,0.11448584339663272,0.0,0.0,0.0,0.0,200,200
291,333,806.5717185664274,4.032858592832137,0.8646380919880761,10434348.230571266,86463809.1988076,1.0526315789472769,0.6658036604566316,0.848937991105456,0.5765702528960021,-0.2723677382094539,0.5291575563497579,0.560795285264684,0.6276960806461221,0.4141204329156899,8.382408658313796,0.9499999999999998,0.8924783418026537,0.10752165819734635,0.0,0.0,0.0,0.0,200,200
292,334,839.3545483691245,4.196772741845622,0.8856112915563987,11018015.300530104,88561129.15563987,1.0526315789472247,0.6663107260077646,0.840860424603101,0.5772366085709595,-0.26362381603214147,0.5339715090271067,0.5653494128793634,0.6835251263754164,0.40647327617192786,8.229465523438556,0.9499999999999998,0.9224176204261793,0.07758237957382075,0.0,0.0,0.0,0.0,200,200
293,335,733.2111577777248,3.666055788888624,0.7735158379454719,9625640.256896948,77351583.7945472,1.0526315789473164,0.6587123278262823,0.8359832219069363,0.5702660909042682,-0.26571713100266814,0.525262161258823,0.5495775021875432,0.645159818025316,0.40615079136143684,8.223015827228735,0.9499999999999998,0.8850946589670131,0.11490534103298662,0.0,0.0,0.0,0.0,200,200
294,336,790.3266586471595,3.9516332932357976,0.9403389963973007,9187300.806551749,94033899.63973007,1.0526315789473026,0.6686273458338345,0.8503320964329838,0.5846585939071092,-0.2656735025258746,0.5354122434243169,0.5560412452364621,0.6155751149577533,0.5108754655832454,10.317509311664905,0.9499999999999998,0.8966557025751029,0.1033442974248971,0.0,0.0,0.0,0.0,200,200
295,337,810.7646336522519,4.0538231682612595,0.8313238555776223,10911901.137624318,83132385.55776224,1.052631578947296,0.661615400610559,0.8327670441214075,0.573267600000982,-0.25949944412042547,0.5312973251250146,0.5603470940769879,0.6627842539392292,0.3807371133256129,7.714742266512257,0.9499999999999998,0.9263961423374858,0.07360385766251443,0.0,0.0,0.0,0.0,200,200
296,338,689.8617197638249,3.4493085988191243,0.8154404427984663,8069081.302022233,81544044.27984662,1.0526315789473062,0.6756382597398576,0.8556100139441771,0.5852489934486963,-0.27036102049548083,0.540038390716285,0.5409972317252455,0.6142844369263216,0.5029207019137175,10.158414038274348,0.9499999999999998,0.8769564635315925,0.12304353646840756,0.0,0.0,0.0,0.0,200,200
297,339,894.3894422324995,4.471947211162497,0.9953310384739743,11147435.713182054,99533103.84739742,1.0526315789472929,0.6694982108643873,0.8422409632827476,0.5846333986422657,-0.25760756464048185,0.540389834332943,0.5213393271751974,0.5688799087103323,0.4445111422068148,8.990222844136294,0.9499999999999998,0.8868966376105548,0.11310336238944504,0.0,0.0,0.0,0.0,200,200
298,340,733.650392907695,3.6682519645384755,0.9098600442383656,8125582.432390094,90986004.42383657,1.052631578947301,0.6659811115144117,0.845762547518703,0.5757781116109899,-0.26998443590771304,0.5305132700602168,0.5636085093263741,0.6380234192083145,0.5619118782230508,11.338237564461012,0.9499999999999998,0.8828465928939835,0.11715340710601645,0.0,0.0,0.0,0.0,200,200
299,341,585.7547014747689,2.928773507373845,0.6430800988049018,7450515.549867997,64308009.88049017,1.0526315789472782,0.6515224132878257,0.8457812632260726,0.5430734390206361,-0.3027078242054365,0.49974991779510103,0.6481766361583223,0.7939105752364217,0.4320838940623725,8.74167788124745,0.9499999999999998,0.928059360498936,0.07194063950106411,0.0,0.0,0.0,0.0,200,200
300,342,689.7619438719073,3.4488097193595366,0.7529765713439223,8772918.629150344,75297657.13439222,1.052631578947252,0.6627307959908095,0.8381639345607097,0.5767065555564133,-0.26145737900429644,0.5314705374896093,0.5560214264588128,0.7003583874501118,0.4275608473720676,8.65121694744135,0.9499999999999998,0.8618874527356938,0.1381125472643059,0.0,0.0,0.0,0.0,200,200
